order_month,customer_state,product_category_name,payment_type,cuboid_level,support_count,order_count,total_sales,avg_review_score,avg_delivery_days
ALL,ALL,ALL,ALL,0,118310,98666,16643731.300000003,4.039396500718452,8.714318316287718
ALL,ALL,ALL,credit_card,1,87258,75991,12776455.360000001,4.0410506773017945,8.736436773705563
ALL,SP,ALL,ALL,1,49865,41375,6234533.819999999,4.132778501955279,5.120766068384638
ALL,ALL,ALL,boleto,1,23018,19614,2859446.84,4.0324528629768,8.692805630376228
ALL,RJ,ALL,ALL,1,15425,12762,2247128.32,3.8289789303079416,11.25322528363047
ALL,MG,ALL,ALL,1,13718,11544,1928571.0900000003,4.0930164747047675,8.238081352966905
ALL,ALL,cama_mesa_banho,ALL,1,11988,9417,1327662.0199999998,3.9036536536536537,9.149232565899233
ALL,ALL,beleza_saude,ALL,1,10032,8836,1491397.7599999998,4.144338118022328,8.439194577352472
2017-11,ALL,ALL,ALL,1,9096,7451,1232074.3,3.8530123131046614,10.248900615655232
ALL,ALL,esporte_lazer,ALL,1,9004,7720,1205197.85,4.1136161705908485,8.829742336739226
ALL,ALL,moveis_decoracao,ALL,1,8832,6449,955367.22,3.9231204710144927,8.589221014492754
2018-01,ALL,ALL,ALL,1,8603,7220,1158742.84,3.954434499593165,9.80785772404975
2018-03,ALL,ALL,ALL,1,8592,7188,1209080.3000000003,3.7108938547486034,11.96869180633147
2018-04,ALL,ALL,ALL,1,8272,6934,1201102.21,4.086436170212766,8.01063829787234
2018-05,ALL,ALL,ALL,1,8231,6853,1193204.9799999997,4.137771838172761,8.32948608917507
ALL,ALL,informatica_acessorios,ALL,1,8150,6689,1104362.03,3.9419631901840493,9.051042944785276
2018-02,ALL,ALL,ALL,1,8022,6694,1039011.6499999999,3.755796559461481,12.55796559461481
2018-08,ALL,ALL,ALL,1,7464,6452,1038395.74,4.217443729903537,4.854769560557342
2018-06,ALL,ALL,ALL,1,7396,6160,1075753.44,4.193482963764197,6.236479177934019
ALL,ALL,utilidades_domesticas,ALL,1,7380,5884,823623.5,4.066666666666666,7.459756097560976
2018-07,ALL,ALL,ALL,1,7356,6273,1097939.54,4.232327351821642,5.723355084284938
2017-12,ALL,ALL,ALL,1,6593,5624,898427.9199999999,3.9622326710147124,10.911876232367662
ALL,RS,ALL,ALL,1,6538,5432,934286.75,4.042367696543286,11.391098195166718
ALL,ALL,ALL,voucher,1,6332,3766,791647.5599999999,4.011054958938724,8.86465571699305
ALL,ALL,relogios_presentes,ALL,1,6213,5624,1358845.5899999999,4.0259134073716405,9.332367616288428
ALL,PR,ALL,ALL,1,5988,4998,832059.4,4.110554442217769,8.186706746826987
2017-10,ALL,ALL,ALL,1,5617,4568,808911.3300000001,4.070678298023856,7.751112693608688
2017-08,ALL,ALL,ALL,1,5224,4293,706168.95,4.237940275650843,7.28771056661562
2017-09,ALL,ALL,ALL,1,5136,4243,767325.7,4.147780373831775,8.156347352024921
2017-07,ALL,ALL,ALL,1,4887,3969,631341.5700000001,4.1264579496623695,7.826478412113771
ALL,ALL,telefonia,ALL,1,4726,4199,413871.98,3.9564113415150235,8.8245873889124
ALL,ALL,ferramentas_jardim,ALL,1,4590,3518,625387.3099999999,4.030718954248366,10.001742919389978
2017-05,ALL,ALL,ALL,1,4445,3660,634762.22,4.142632170978628,7.871091113610799
ALL,ALL,automotivo,ALL,1,4400,3897,714431.95,4.073636363636363,8.828863636363636
ALL,SC,ALL,ALL,1,4319,3612,632514.14,4.011345218800648,11.043760129659644
ALL,ALL,brinquedos,ALL,1,4281,3886,582218.11,4.169352954917075,8.434244335435645
ALL,BA,ALL,ALL,1,4068,3358,650220.3799999999,3.835299901671583,15.122910521140609
ALL,ALL,cool_stuff,ALL,1,3999,3632,752702.21,4.148287071767942,8.944236059014754
2017-06,ALL,ALL,ALL,1,3822,3217,531052.0599999999,4.13919413919414,8.527995813710099
ALL,ALL,perfumaria,ALL,1,3589,3162,471766.76,4.131512956255224,8.429924770130956
ALL,ALL,bebes,ALL,1,3204,2885,506539.48,4.019662921348314,8.780898876404494
2017-03,ALL,ALL,ALL,1,3201,2641,459778.64,4.074039362699157,9.232739768822244
2017-04,ALL,ALL,ALL,1,2864,2391,449707.81,3.9835893854748603,10.438896648044693
ALL,ALL,eletronicos,ALL,1,2846,2550,214862.55,4.046732255797611,9.652143359100492
ALL,ALL,papelaria,ALL,1,2625,2311,288342.44000000006,4.193904761904762,9.107809523809523
ALL,DF,ALL,ALL,1,2500,2125,367750.14999999997,4.01,9.1676
ALL,GO,ALL,ALL,1,2453,2007,368997.61,4.002038320423971,11.703628210354667
ALL,ES,ALL,ALL,1,2351,2025,336438.54,3.9995746490854955,11.712888132709486
ALL,ALL,fashion_bolsas_e_acessorios,ALL,1,2170,1864,197052.25,4.135023041474654,8.190783410138248
2017-02,ALL,ALL,ALL,1,2073,1733,303648.31,4.064640617462614,8.95996140858659
ALL,ALL,pet_shop,ALL,1,2030,1710,264442.62,4.200985221674877,7.554187192118227
ALL,PE,ALL,ALL,1,1901,1648,334467.37,3.9789584429247764,14.273540241977907
ALL,ALL,moveis_escritorio,ALL,1,1788,1273,359171.62,3.539149888143177,9.636465324384787
ALL,ALL,unknown,ALL,1,1709,1451,222703.08,3.852545348156817,8.506729081334113
ALL,ALL,ALL,debit_card,1,1699,1521,216038.08000000002,4.159505591524426,7.323131253678635
ALL,CE,ALL,ALL,1,1556,1327,290599.58999999997,3.8316195372750643,16.687660668380463
ALL,ALL,consoles_games,ALL,1,1192,1062,187551.15999999997,4.022651006711409,9.042785234899329
ALL,ALL,malas_acessorios,ALL,1,1163,1034,180577.27000000002,4.298366294067068,8.276010318142735
ALL,MT,ALL,ALL,1,1128,903,203768.97,3.9060283687943262,14.068262411347519
ALL,PA,ALL,ALL,1,1123,970,224924.18,3.8183437221727514,19.51380231522707
2017-01,ALL,ALL,ALL,1,1023,789,148030.11,4.115347018572825,8.757575757575758
ALL,ALL,construcao_ferramentas_construcao,ALL,1,955,748,169812.63,4.0722513089005234,7.703664921465968
ALL,MS,ALL,ALL,1,856,709,141346.91999999998,4.078271028037383,11.801401869158878
ALL,MA,ALL,ALL,1,849,740,155510.26,3.691401648998822,17.025912838633687
ALL,ALL,eletrodomesticos,ALL,1,826,764,101179.43,4.177966101694915,7.786924939467313
ALL,ALL,instrumentos_musicais,ALL,1,719,628,230579.09,4.165507649513213,8.802503477051461
ALL,ALL,eletroportateis,ALL,1,705,630,218726.3,4.163120567375887,7.873758865248227
ALL,PB,ALL,ALL,1,640,532,151482.78999999998,4.01875,16.2625
ALL,ALL,casa_construcao,ALL,1,635,490,102212.32,3.9622047244094487,8.25511811023622
ALL,PI,ALL,ALL,1,574,493,114729.56,3.8641114982578397,15.33623693379791
ALL,RN,ALL,ALL,1,571,482,114747.30999999998,4.063047285464098,15.299474605954465
ALL,ALL,livros_interesse_geral,ALL,1,565,512,57627.87999999999,4.442477876106195,8.12566371681416
ALL,ALL,moveis_sala,ALL,1,532,422,92597.42,3.9342105263157894,9.75
ALL,ALL,alimentos,ALL,1,526,450,37649.990000000005,4.250950570342205,7.243346007604563
ALL,ALL,casa_conforto,ALL,1,478,397,73962.78,3.912133891213389,10.274058577405858
ALL,AL,ALL,ALL,1,462,411,99781.7,3.727272727272727,20.01298701298701
ALL,SE,ALL,ALL,1,397,345,75495.89,3.8337531486146097,17.030226700251887
ALL,ALL,bebidas,ALL,1,390,297,28846.34,4.058974358974359,6.676923076923077
2016-10,ALL,ALL,ALL,1,385,308,58730.850000000006,3.6493506493506493,5.823376623376624
ALL,ALL,audio,ALL,1,381,350,58494.16,3.853018372703412,9.876640419947506
ALL,TO,ALL,ALL,1,339,279,69702.51,4.144542772861357,13.053097345132743
ALL,ALL,market_place,ALL,1,332,280,35188.63,4.039156626506024,8.015060240963855
ALL,ALL,construcao_ferramentas_iluminacao,ALL,1,314,244,49728.759999999995,4.092356687898089,5.95859872611465
ALL,ALL,climatizacao,ALL,1,302,253,62810.87999999999,3.986754966887417,7.576158940397351
ALL,ALL,moveis_cozinha_area_de_servico_jantar_e_jardim,ALL,1,299,248,61333.19,3.9698996655518393,7.7725752508361206
ALL,ALL,alimentos_bebidas,ALL,1,291,227,21230.809999999998,4.326460481099656,7.601374570446735
ALL,RO,ALL,ALL,1,286,247,58681.5,4.038461538461538,16.223776223776223
ALL,ALL,fashion_calcados,ALL,1,278,240,30053.82,4.237410071942446,9.129496402877697
ALL,ALL,telefonia_fixa,ALL,1,272,217,66526.20000000001,3.6875,8.393382352941176
ALL,ALL,industria_comercio_e_negocios,ALL,1,272,235,48109.56,4.099264705882353,7.742647058823529
ALL,ALL,livros_tecnicos,ALL,1,272,260,23685.32,4.382352941176471,7.966911764705882
ALL,ALL,eletrodomesticos_2,ALL,1,270,234,135945.03999999998,4.218518518518518,8.662962962962963
ALL,ALL,agro_industria_e_comercio,ALL,1,252,182,90808.76999999999,4.150793650793651,7.646825396825397
ALL,ALL,construcao_ferramentas_jardim,ALL,1,247,194,31756.960000000003,4.080971659919029,8.336032388663968
ALL,ALL,pcs,ALL,1,220,181,253374.41,4.195454545454545,9.295454545454545
ALL,ALL,artes,ALL,1,219,202,28912.99,3.9452054794520546,6.867579908675799
ALL,ALL,sinalizacao_e_seguranca,ALL,1,201,140,28120.83,4.064676616915423,6.990049751243781
ALL,ALL,construcao_ferramentas_seguranca,ALL,1,199,167,45966.23999999999,3.8542713567839195,7.824120603015075
ALL,AM,ALL,ALL,1,172,147,28549.04,4.093023255813954,23.069767441860463
ALL,ALL,artigos_de_natal,ALL,1,155,128,12079.84,4.064516129032258,11.819354838709678
ALL,ALL,fashion_roupa_masculina,ALL,1,145,112,13974.210000000001,3.5586206896551724,7.786206896551724
ALL,ALL,fashion_underwear_e_moda_praia,ALL,1,144,121,12419.059999999998,4.0,8.715277777777779
ALL,ALL,moveis_quarto,ALL,1,126,95,27742.360000000004,3.8412698412698414,7.785714285714286
ALL,ALL,construcao_ferramentas_ferramentas,ALL,1,105,97,18155.420000000002,4.438095238095238,9.085714285714285
ALL,AC,ALL,ALL,1,95,81,20861.500000000004,4.094736842105263,16.736842105263158
ALL,ALL,tablets_impressao_imagem,ALL,1,87,79,9140.68,4.137931034482759,8.850574712643677
ALL,AP,ALL,ALL,1,84,68,16517.39,4.25,23.845238095238095
ALL,ALL,portateis_casa_forno_e_cafe,ALL,1,78,75,51830.36999999999,4.32051282051282,6.717948717948718
ALL,ALL,cine_foto,ALL,1,74,65,8232.240000000002,4.216216216216216,7.824324324324325
ALL,ALL,dvds_blu_ray,ALL,1,71,59,7889.99,4.126760563380282,9.619718309859154
ALL,ALL,livros_importados,ALL,1,62,53,5661.13,4.419354838709677,5.209677419354839
ALL,RR,ALL,ALL,1,52,46,10064.619999999999,3.576923076923077,22.173076923076923
ALL,ALL,fashion_roupa_feminina,ALL,1,50,39,3535.84,3.78,6.6
ALL,SP,ALL,credit_card,2,36688,31833,4751155.64,4.137947012647187,5.096789140863498
ALL,RJ,ALL,credit_card,2,11693,10188,1763271.5100000002,3.8323783460189857,11.180278799281622
ALL,MG,ALL,credit_card,2,10224,8965,1497028.73,4.100547730829421,8.261150234741784
ALL,SP,ALL,boleto,2,9543,8123,1077230.32,4.11076181494289,5.204023891857906
ALL,ALL,cama_mesa_banho,credit_card,2,9081,7540,1034040.73,3.8960466908930735,9.228939544103072
ALL,ALL,beleza_saude,credit_card,2,7605,6874,1176999.92,4.1571334648257725,8.602103879026956
2017-11,ALL,ALL,credit_card,2,6797,5800,959404.4199999999,3.858761218184493,10.46020303074886
ALL,ALL,esporte_lazer,credit_card,2,6671,5904,925693.58,4.097436666166992,8.973467246289912
2018-03,ALL,ALL,credit_card,2,6490,5656,952220.78,3.7080123266563945,12.211248073959938
ALL,ALL,moveis_decoracao,credit_card,2,6440,4919,713432.14,3.9096273291925465,8.617857142857142
2018-05,ALL,ALL,credit_card,2,6317,5460,940038.34,4.14674687351591,8.274813993984486
2018-01,ALL,ALL,credit_card,2,6246,5478,885225.46,3.9582132564841497,9.877521613832853
2018-04,ALL,ALL,credit_card,2,6234,5436,948093.3500000001,4.0877446262431825,7.932787937119024
2018-02,ALL,ALL,credit_card,2,6027,5205,800027.26,3.7507881201260993,12.55964824954372
ALL,SP,cama_mesa_banho,ALL,2,5657,4416,593702.84,4.038182782393495,5.7406752695775145
2018-08,ALL,ALL,credit_card,2,5605,4958,812282.9099999999,4.209099018733274,4.87636039250669
2018-06,ALL,ALL,credit_card,2,5536,4791,836297.9,4.164559248554913,6.234104046242774
ALL,ALL,informatica_acessorios,credit_card,2,5483,4737,740067.28,3.979937990151377,9.162137515958417
ALL,ALL,utilidades_domesticas,credit_card,2,5431,4613,620021.69,4.048241576136991,7.356103848278401
2018-07,ALL,ALL,credit_card,2,5346,4729,818288.61,4.239618406285073,5.661054994388328
ALL,ALL,relogios_presentes,credit_card,2,4866,4568,1123183.44,4.043362104397863,9.454788327168105
2017-12,ALL,ALL,credit_card,2,4856,4321,687039.1100000001,3.9862026359143328,10.8585255354201
ALL,RS,ALL,credit_card,2,4548,3948,681147.3700000001,4.062225153913809,11.556068601583114
ALL,SP,beleza_saude,ALL,2,4348,3789,535087.65,4.230680772769089,4.746090156393744
ALL,PR,ALL,credit_card,2,4336,3747,633646.1299999999,4.0987084870848705,8.121079335793358
2017-10,ALL,ALL,credit_card,2,4075,3470,625820.31,4.078527607361964,7.83680981595092
ALL,SP,esporte_lazer,ALL,2,3831,3296,460824.5,4.196815452884365,5.433046202036022
2018-05,SP,ALL,ALL,2,3806,3197,503802.82,4.236994219653179,4.987125591171834
ALL,SP,moveis_decoracao,ALL,2,3792,2724,369440.1,4.02162447257384,5.015295358649789
2017-08,ALL,ALL,credit_card,2,3776,3245,536590.36,4.244703389830509,7.308262711864407
2018-08,SP,ALL,ALL,2,3752,3218,470844.75,4.202025586353945,3.298507462686567
2017-09,ALL,ALL,credit_card,2,3711,3247,588538.07,4.144435462139585,8.122338992185394
2018-04,SP,ALL,ALL,2,3681,3056,468278.58999999997,4.174952458571041,3.9989133387666396
2017-11,SP,ALL,ALL,2,3656,2971,434431.75,3.991247264770241,5.948304157549234
2018-03,SP,ALL,ALL,2,3617,3024,453043.3,4.040641415537738,6.3491844069671
2018-01,SP,ALL,ALL,2,3608,3023,451464.12,4.063470066518847,5.8317627494456765
2017-07,ALL,ALL,credit_card,2,3487,3029,465017.05,4.158589045024376,7.783768282190995
ALL,SP,utilidades_domesticas,ALL,2,3475,2781,352408.72000000003,4.176115107913669,4.636258992805756
ALL,ALL,telefonia,credit_card,2,3404,3108,307251.05,3.967391304347826,8.664806110458285
2018-06,SP,ALL,ALL,2,3361,2769,412738.36,4.229098482594466,3.6867003867896457
ALL,ALL,brinquedos,credit_card,2,3300,3105,469984.74,4.178484848484849,8.33
ALL,ALL,automotivo,credit_card,2,3295,2988,565639.72,4.049165402124431,8.607890743550835
ALL,SP,informatica_acessorios,ALL,2,3267,2679,407697.02999999997,3.9843893480257115,5.720538720538721
2018-07,SP,ALL,ALL,2,3245,2766,390590.43,4.237288135593221,3.6517719568567024
2018-02,SP,ALL,ALL,2,3236,2687,379723.4199999999,3.927379480840544,7.116192830655129
2017-05,ALL,ALL,credit_card,2,3221,2804,461335.43999999994,4.1480906550760634,7.945048121701335
ALL,ALL,ferramentas_jardim,credit_card,2,3220,2603,460375.65,4.044409937888199,10.080434782608696
ALL,SC,ALL,credit_card,2,3105,2690,487878.16000000003,3.9958132045088566,11.167793880837358
ALL,BA,ALL,credit_card,2,3008,2630,510199.13,3.799867021276596,15.28623670212766
ALL,ALL,cool_stuff,credit_card,2,2984,2858,583267.52,4.144101876675603,9.02882037533512
2017-12,SP,ALL,ALL,2,2796,2336,335368.39,4.132689556509299,6.0647353361945635
ALL,SP,ALL,voucher,2,2767,1551,319925.11,4.100108420672208,5.350198771232382
2017-06,ALL,ALL,credit_card,2,2722,2428,391193.20999999996,4.143644379132991,8.132990448199854
ALL,ALL,perfumaria,credit_card,2,2717,2501,382538.35,4.17004048582996,8.421788737578211
ALL,MG,ALL,boleto,2,2710,2286,340880.86999999994,4.055719557195572,8.291881918819188
ALL,RJ,ALL,boleto,2,2545,2147,329089.08999999997,3.7681728880157173,11.466404715127702
ALL,ALL,bebes,credit_card,2,2433,2288,403981.28,4.019317714755446,8.614467735306206
ALL,SP,relogios_presentes,ALL,2,2354,2135,479436.77999999997,4.123194562446899,5.150382327952421
2017-03,ALL,ALL,credit_card,2,2260,1973,347489.44000000006,4.073451327433628,9.226548672566372
2017-10,SP,ALL,ALL,2,2179,1765,269096.35,4.071133547498853,4.547039926571822
ALL,ALL,informatica_acessorios,boleto,2,2177,1723,303994.79000000004,3.818098300413413,8.813964170877354
2017-08,SP,ALL,ALL,2,2127,1707,241384.5,4.30371415138693,4.057357780912083
2017-04,ALL,ALL,credit_card,2,2061,1827,330797.2,4.0426977195536145,10.524502668607472
ALL,ALL,eletronicos,credit_card,2,2023,1852,161260.48,4.035590706870984,9.549184379634207
2017-07,SP,ALL,ALL,2,1995,1582,231882.62,4.171428571428572,4.543358395989975
ALL,ALL,papelaria,credit_card,2,1981,1829,228059.02,4.216052498738011,9.322564361433619
ALL,DF,ALL,credit_card,2,1934,1687,301277.73,4.023784901758014,9.255429162357808
2017-09,SP,ALL,ALL,2,1917,1615,267896.1,4.229525299947835,4.851851851851852
ALL,ALL,cama_mesa_banho,boleto,2,1903,1601,194554.89,3.955859169732002,8.996847083552286
ALL,ALL,beleza_saude,boleto,2,1878,1704,246257.43,4.123003194888179,7.949946751863685
ALL,SP,automotivo,ALL,2,1812,1615,249665.87,4.21523178807947,4.801876379690949
ALL,RJ,cama_mesa_banho,ALL,2,1797,1393,196912.74,3.740122426265999,12.683361157484697
ALL,ALL,esporte_lazer,boleto,2,1795,1586,210088.56,4.157660167130919,8.596100278551532
ALL,GO,ALL,credit_card,2,1785,1506,277921.02999999997,4.007282913165266,11.584873949579832
2017-11,ALL,ALL,boleto,2,1785,1487,224276.28,3.831932773109244,9.862745098039216
ALL,SP,brinquedos,ALL,2,1772,1612,217414.84999999998,4.222911963882619,4.933972911963883
2018-01,ALL,ALL,boleto,2,1758,1503,204454.97999999998,3.9397042093287826,9.724687144482367
ALL,ALL,moveis_decoracao,boleto,2,1751,1339,181020.99,3.893774985722444,8.905197030268418
ALL,ES,ALL,credit_card,2,1736,1560,254985.43999999997,4.028225806451613,11.755760368663594
2017-05,SP,ALL,ALL,2,1733,1405,226717.99000000002,4.130986728216965,5.505481823427583
ALL,SP,telefonia,ALL,2,1716,1521,127440.90999999999,4.0093240093240095,4.148601398601398
ALL,SP,ferramentas_jardim,ALL,2,1635,1267,193434.44,4.191437308868502,6.0758409785932725
ALL,RS,ALL,boleto,2,1614,1348,192704.23,4.014869888475836,10.878562577447337
2018-03,ALL,ALL,boleto,2,1591,1347,192281.05,3.680075424261471,11.406033940917661
2017-06,SP,ALL,ALL,2,1590,1316,209499.11,4.140880503144654,6.089937106918239
2018-02,ALL,ALL,boleto,2,1571,1321,184422.4,3.769573520050923,12.465308720560152
ALL,ALL,fashion_bolsas_e_acessorios,credit_card,2,1545,1392,149340.91,4.1029126213592235,8.151456310679611
ALL,SP,perfumaria,ALL,2,1543,1365,191753.2,4.167854828256643,5.391445236552171
2018-04,ALL,ALL,boleto,2,1529,1287,195004.0,4.067364290385873,8.07128842380641
ALL,ALL,pet_shop,credit_card,2,1526,1342,209264.36,4.182830930537353,7.775884665792923
2017-02,ALL,ALL,credit_card,2,1499,1313,231453.81,4.05003335557038,8.601067378252168
2018-05,ALL,ALL,boleto,2,1499,1260,195112.66,4.107404936624416,8.33555703802535
ALL,PE,ALL,credit_card,2,1477,1323,272119.96,3.955314827352742,14.259986459038592
ALL,SP,cool_stuff,ALL,2,1449,1314,246997.58000000002,4.242926155969634,4.942028985507246
2018-07,ALL,ALL,boleto,2,1440,1220,197938.07,4.228472222222222,5.7972222222222225
ALL,MG,cama_mesa_banho,ALL,2,1421,1129,168888.7,3.7980295566502464,9.446164672765658
2017-12,ALL,ALL,boleto,2,1333,1154,165777.51,3.94973743435859,10.890472618154538
ALL,SP,bebes,ALL,2,1330,1184,189184.1,4.139097744360902,5.062406015037594
ALL,ALL,utilidades_domesticas,boleto,2,1328,1044,135632.0,4.109186746987952,7.362198795180723
ALL,PR,ALL,boleto,2,1284,1103,154655.33,4.119158878504673,8.281152647975079
2018-08,ALL,ALL,boleto,2,1282,1138,143430.56,4.233229329173167,4.930577223088924
2018-06,ALL,ALL,boleto,2,1265,1099,153270.62,4.324110671936759,5.996837944664032
2017-11,RJ,ALL,ALL,2,1258,1040,181217.94,3.541335453100159,13.90302066772655
ALL,ALL,unknown,credit_card,2,1241,1122,162277.91999999998,3.8767123287671232,8.190975020145045
2017-03,SP,ALL,ALL,2,1227,998,167757.34,4.154849225753871,6.044824775876121
ALL,CE,ALL,credit_card,2,1224,1077,233488.86000000002,3.804738562091503,17.040032679738562
ALL,ALL,moveis_escritorio,credit_card,2,1201,897,249627.02000000002,3.498751040799334,9.749375520399667
2017-10,ALL,ALL,boleto,2,1179,974,138869.34,4.037319762510602,7.602205258693808
ALL,RJ,moveis_decoracao,ALL,2,1168,858,131746.34999999998,3.654109589041096,11.8125
2017-11,MG,ALL,ALL,2,1144,932,163944.78999999998,4.048076923076923,9.627622377622378
ALL,MG,beleza_saude,ALL,2,1113,1011,181501.56,4.2533692722371965,7.9748427672955975
ALL,RJ,beleza_saude,ALL,2,1112,974,168892.6,4.039568345323741,9.33093525179856
2018-02,RJ,ALL,ALL,2,1110,916,146877.65,3.1594594594594594,18.91171171171171
ALL,SP,papelaria,ALL,2,1106,982,110198.0,4.331826401446655,4.992766726943942
2018-03,RJ,ALL,ALL,2,1101,906,150501.59,3.196185286103542,19.140781108083562
ALL,RJ,esporte_lazer,ALL,2,1094,925,158104.94,3.846435100548446,11.840950639853748
2017-04,SP,ALL,ALL,2,1084,901,158588.75,4.031365313653136,7.807195571955719
2018-01,RJ,ALL,ALL,2,1084,887,151026.47,3.6549815498154983,13.638376383763838
2017-08,ALL,ALL,boleto,2,1070,928,133236.67,4.164485981308411,7.56822429906542
2017-09,ALL,ALL,boleto,2,1046,888,130112.81,4.135755258126195,8.046845124282983
ALL,RJ,informatica_acessorios,ALL,2,1045,859,145747.96000000002,3.845933014354067,11.879425837320575
ALL,SP,eletronicos,ALL,2,1044,938,67338.14,4.244252873563219,5.316091954022989
ALL,MG,informatica_acessorios,ALL,2,1042,877,134247.37,3.920345489443378,8.383877159309021
2017-11,ALL,cama_mesa_banho,ALL,2,1036,817,111713.98999999999,3.6167953667953667,11.3503861003861
2018-03,MG,ALL,ALL,2,1035,876,146474.88,3.5681159420289856,12.268599033816425
ALL,ALL,ferramentas_jardim,boleto,2,1032,814,120345.0,4.118217054263566,9.599806201550388
ALL,ALL,relogios_presentes,boleto,2,1027,922,165094.46,3.9581304771178187,8.671859785783836
2018-01,MG,ALL,ALL,2,1023,860,138303.45,4.070381231671554,8.521016617790812
ALL,ALL,telefonia,boleto,2,1023,945,76588.28,3.8944281524926687,9.346041055718475
2018-04,RJ,ALL,ALL,2,1021,834,152685.13,3.9265426052889323,10.547502448579824
2018-02,ALL,informatica_acessorios,ALL,2,1020,801,122210.38,3.4784313725490197,12.650980392156862
ALL,MG,moveis_decoracao,ALL,2,1015,727,106578.81,4.058128078817734,8.183251231527093
2018-05,RJ,ALL,ALL,2,1011,830,150423.97000000003,3.9713155291790305,10.170128585558853
ALL,MG,esporte_lazer,ALL,2,1009,867,137916.56,4.157581764122894,8.272547076313181
ALL,SC,ALL,boleto,2,1000,835,114090.11,4.065,10.821
2017-07,ALL,ALL,boleto,2,981,833,116604.95999999999,4.114169215086647,8.031600407747197
ALL,RJ,ALL,voucher,2,977,535,122286.6,3.938587512794268,11.841351074718526
ALL,SP,pet_shop,ALL,2,945,771,109365.15,4.301587301587301,4.935449735449735
2018-02,MG,ALL,ALL,2,940,800,131235.21,3.970212765957447,11.51063829787234
ALL,RJ,utilidades_domesticas,ALL,2,934,746,102893.69,3.828693790149893,10.168094218415417
2018-01,ALL,cama_mesa_banho,ALL,2,920,699,97028.42,3.8065217391304347,9.43804347826087
2018-05,MG,ALL,ALL,2,919,759,125365.59,4.064200217627857,9.219804134929271
2018-04,MG,ALL,ALL,2,907,786,132522.65,4.131201764057332,7.81367144432194
ALL,SP,fashion_bolsas_e_acessorios,ALL,2,905,780,70008.73,4.2066298342541435,4.52596685082873
2018-06,ALL,beleza_saude,ALL,2,903,799,127620.28000000001,4.365448504983389,6.487264673311185
2017-12,RJ,ALL,ALL,2,898,779,139836.36,3.3674832962138086,17.037861915367483
ALL,ALL,malas_acessorios,credit_card,2,890,836,142144.54,4.2910112359550565,8.243820224719101
ALL,RJ,relogios_presentes,ALL,2,888,817,202918.97,3.7578828828828827,11.213963963963964
ALL,MG,utilidades_domesticas,ALL,2,885,702,100593.34,4.0655367231638415,7.6440677966101696
2018-08,ALL,beleza_saude,ALL,2,878,778,140427.39,4.340546697038724,4.882687927107061
2017-05,ALL,ALL,boleto,2,875,761,127217.32,4.150857142857143,7.972571428571428
ALL,ALL,consoles_games,credit_card,2,870,806,144313.37,4.036781609195402,9.145977011494253
2018-07,RJ,ALL,ALL,2,868,715,127835.6,4.169354838709677,6.252304147465438
ALL,SP,ALL,debit_card,2,864,754,86079.29000000001,4.2719907407407405,4.498842592592593
ALL,ALL,cama_mesa_banho,voucher,2,859,414,82002.89000000001,3.827706635622817,8.91501746216531
2018-06,RJ,ALL,ALL,2,855,716,128796.43000000001,4.127485380116959,7.535672514619883
2018-06,MG,ALL,ALL,2,852,717,129769.37,4.210093896713615,5.491784037558685
2018-03,ALL,cama_mesa_banho,ALL,2,844,670,88897.54000000001,3.6291469194312795,12.736966824644549
ALL,ALL,automotivo,boleto,2,843,783,112868.43,4.147093712930012,9.794780545670225
2018-08,RJ,ALL,ALL,2,842,742,116969.26999999999,4.15083135391924,5.496437054631829
2017-11,ALL,moveis_decoracao,ALL,2,833,547,82190.95,3.638655462184874,10.079231692677071
2018-06,ALL,cama_mesa_banho,ALL,2,826,657,92843.4,3.953995157384988,6.305084745762712
2017-06,ALL,ALL,boleto,2,820,703,108320.01999999999,4.139024390243902,8.435365853658537
2017-12,MG,ALL,ALL,2,818,681,112173.8,3.991442542787286,10.101466992665037
ALL,PA,ALL,credit_card,2,816,722,170044.83999999997,3.7794117647058822,20.113970588235293
2018-07,ALL,beleza_saude,ALL,2,807,713,126190.07,4.219330855018588,6.018587360594796
2017-10,RJ,ALL,ALL,2,803,662,118023.92,4.070983810709838,8.938978829389788
2018-05,ALL,beleza_saude,ALL,2,803,686,113690.28,4.25280199252802,8.315068493150685
2018-08,MG,ALL,ALL,2,789,704,117178.32999999999,4.285171102661597,4.880861850443599
2018-03,ALL,esporte_lazer,ALL,2,788,672,102834.26,3.700507614213198,11.626903553299492
2018-05,ALL,cama_mesa_banho,ALL,2,783,606,89541.9,3.9821200510855683,9.168582375478927
ALL,MT,ALL,credit_card,2,778,654,147694.11,3.982005141388175,14.289203084832906
2017-09,RJ,ALL,ALL,2,777,606,117483.12,4.148005148005148,9.368082368082367
2018-03,ALL,informatica_acessorios,ALL,2,777,638,102705.46999999999,3.8507078507078507,11.158301158301159
2018-04,ALL,cama_mesa_banho,ALL,2,776,608,89448.14,3.9471649484536084,8.431701030927835
2018-07,MG,ALL,ALL,2,750,656,119414.5,4.246666666666667,5.278666666666667
2018-01,ALL,informatica_acessorios,ALL,2,742,593,99835.29000000001,3.8679245283018866,9.986522911051212
2017-02,SP,ALL,ALL,2,742,633,93946.47,4.074123989218329,5.797843665768194
2018-02,ALL,cama_mesa_banho,ALL,2,741,593,77406.1,3.5789473684210527,13.998650472334683
ALL,ALL,brinquedos,boleto,2,735,685,87281.67,4.108843537414966,8.955102040816326
ALL,ALL,cool_stuff,boleto,2,734,684,125180.19,4.226158038147139,8.96866485013624
ALL,ALL,construcao_ferramentas_construcao,credit_card,2,729,582,135747.9,4.091906721536351,7.550068587105624
ALL,SP,unknown,ALL,2,720,589,83531.34,3.8833333333333333,4.886111111111111
ALL,BA,ALL,boleto,2,706,608,94878.18000000001,3.9334277620396603,14.774787535410765
2018-04,ALL,beleza_saude,ALL,2,704,626,106262.84,4.143465909090909,8.806818181818182
2017-01,ALL,ALL,credit_card,2,698,575,111630.86,4.012893982808023,9.088825214899714
2018-03,ALL,beleza_saude,ALL,2,697,621,105649.54000000001,3.721664275466284,12.57245337159254
ALL,RJ,ferramentas_jardim,ALL,2,696,550,94258.23,3.6206896551724137,12.560344827586206
2018-02,ALL,beleza_saude,ALL,2,694,607,100866.66,4.007204610951009,11.759365994236312
2017-10,MG,ALL,ALL,2,692,553,102272.08,4.223988439306359,6.614161849710983
ALL,SP,moveis_escritorio,ALL,2,691,510,131154.08000000002,3.6150506512301015,4.845151953690304
2017-07,RJ,ALL,ALL,2,691,562,100847.57,4.086830680173661,8.353111432706223
2018-01,ALL,esporte_lazer,ALL,2,677,586,109116.45999999999,3.895125553914328,10.118168389955686
2017-03,ALL,ALL,boleto,2,677,584,80339.14,4.041358936484491,9.432791728212703
2018-08,ALL,cama_mesa_banho,ALL,2,676,558,77566.44,4.079881656804734,5.297337278106509
ALL,RS,cama_mesa_banho,ALL,2,675,540,77190.52,3.779259259259259,13.136296296296296
2018-02,ALL,esporte_lazer,ALL,2,673,585,91220.98999999999,3.774145616641902,13.041604754829123
2017-08,RJ,ALL,ALL,2,669,556,96304.33,4.144992526158445,8.39611360239163
2018-01,ALL,moveis_decoracao,ALL,2,656,478,71888.52,3.893292682926829,9.091463414634147
ALL,MG,relogios_presentes,ALL,2,654,611,139707.86,4.1452599388379205,8.50611620795107
ALL,ALL,eletronicos,boleto,2,653,608,41510.04,4.058192955589586,9.996937212863706
2018-08,ALL,utilidades_domesticas,ALL,2,650,562,77009.86,4.276923076923077,4.203076923076923
2018-05,ALL,relogios_presentes,ALL,2,647,596,134737.69,3.990726429675425,9.542503863987635
2018-01,ALL,beleza_saude,ALL,2,647,572,85377.03,4.08500772797527,9.676970633693973
2018-05,ALL,utilidades_domesticas,ALL,2,642,493,78670.23999999999,4.17601246105919,7.540498442367602
2017-07,ALL,cama_mesa_banho,ALL,2,641,513,82000.1,4.074882995319813,8.023400936037442
ALL,ALL,eletrodomesticos,credit_card,2,641,610,78781.79000000001,4.160686427457098,7.361934477379095
2018-07,ALL,cama_mesa_banho,ALL,2,640,518,70416.04999999999,4.2296875,5.5203125
2017-11,ALL,esporte_lazer,ALL,2,635,557,78649.83,4.165354330708661,9.571653543307086
ALL,MG,ferramentas_jardim,ALL,2,633,488,75980.56,4.25434439178515,8.481832543443918
2018-03,ALL,moveis_decoracao,ALL,2,632,442,69397.04000000001,3.492088607594937,11.667721518987342
2018-04,ALL,moveis_decoracao,ALL,2,631,466,73097.1,3.992076069730586,7.51188589540412
ALL,MG,ALL,voucher,2,630,425,68096.73999999999,4.095238095238095,7.836507936507936
2018-06,ALL,utilidades_domesticas,ALL,2,622,470,73689.77,3.9710610932475885,5.67524115755627
2018-05,ALL,moveis_decoracao,ALL,2,617,462,67469.66,4.019448946515397,8.40356564019449
2018-04,ALL,esporte_lazer,ALL,2,614,532,80401.76000000001,4.169381107491857,7.806188925081433
2017-10,ALL,cama_mesa_banho,ALL,2,611,445,62986.880000000005,3.797054009819967,8.091653027823241
ALL,MS,ALL,credit_card,2,606,511,108627.19,4.054455445544554,11.848184818481847
2017-11,ALL,beleza_saude,ALL,2,605,530,93880.79000000001,4.039669421487603,10.08099173553719
ALL,RJ,brinquedos,ALL,2,602,552,86347.98,4.034883720930233,10.509966777408637
2017-05,RJ,ALL,ALL,2,600,485,92071.5,4.075,7.845
2018-07,ALL,utilidades_domesticas,ALL,2,599,474,81896.89,4.145242070116861,5.108514190317195
ALL,ALL,perfumaria,boleto,2,594,535,61118.630000000005,4.186868686868687,8.06902356902357
2017-08,ALL,cama_mesa_banho,ALL,2,591,448,71524.48,4.120135363790186,7.49238578680203
2017-09,MG,ALL,ALL,2,586,501,86534.75,4.320819112627986,6.438566552901024
2017-12,ALL,cama_mesa_banho,ALL,2,585,481,62993.39,3.741880341880342,11.863247863247864
ALL,MA,ALL,credit_card,2,579,528,109667.34999999999,3.7219343696027636,17.592400690846286
ALL,RS,moveis_decoracao,ALL,2,576,444,69031.44,3.9652777777777777,11.399305555555555
2017-11,ALL,ferramentas_jardim,ALL,2,576,433,60179.479999999996,3.8350694444444446,12.288194444444445
2017-09,ALL,cama_mesa_banho,ALL,2,575,461,66719.61,4.038260869565217,8.234782608695653
2017-04,ALL,ALL,boleto,2,568,491,79335.56,3.941901408450704,10.408450704225352
2017-08,MG,ALL,ALL,2,558,466,72876.57,4.304659498207886,7.220430107526882
2018-07,ALL,relogios_presentes,ALL,2,556,514,110474.34,4.0,6.2428057553956835
ALL,ALL,bebes,boleto,2,555,504,73638.99,4.025225225225225,8.974774774774774
2017-11,ALL,informatica_acessorios,ALL,2,554,444,86750.5,3.8231046931407944,9.866425992779783
2018-04,ALL,informatica_acessorios,ALL,2,552,481,70785.95,3.9655797101449277,7.759057971014493
ALL,RJ,cool_stuff,ALL,2,543,503,99982.40000000001,3.874769797421731,11.314917127071823
ALL,ALL,eletroportateis,credit_card,2,541,491,172456.03999999998,4.123844731977819,7.652495378927911
ALL,PR,moveis_decoracao,ALL,2,541,397,63737.25000000001,3.975970425138632,7.44177449168207
ALL,MG,automotivo,ALL,2,539,471,87391.24,4.089053803339517,8.49721706864564
ALL,ALL,moveis_decoracao,voucher,2,539,273,52281.009999999995,4.139146567717996,7.628942486085343
2018-04,ALL,relogios_presentes,ALL,2,532,473,108621.64,4.203007518796992,9.229323308270677
2017-11,ALL,brinquedos,ALL,2,522,452,77873.44,4.051724137931035,9.477011494252874
2017-07,MG,ALL,ALL,2,522,445,68130.01999999999,4.084291187739463,7.513409961685824
ALL,RS,informatica_acessorios,ALL,2,521,390,75297.25,3.930902111324376,11.18809980806142
2017-12,ALL,esporte_lazer,ALL,2,517,440,71944.64000000001,4.034816247582205,11.537717601547389
ALL,SP,consoles_games,ALL,2,514,462,75011.09,4.023346303501945,5.56420233463035
ALL,GO,ALL,boleto,2,514,446,68464.99,4.0408560311284045,12.373540856031129
ALL,MG,brinquedos,ALL,2,512,458,70641.06999999999,4.25390625,8.1171875
ALL,ALL,instrumentos_musicais,credit_card,2,507,466,173622.26999999996,4.171597633136095,9.039447731755423
2018-05,ALL,esporte_lazer,ALL,2,507,452,71147.92000000001,4.274161735700197,7.708086785009862
ALL,ALL,utilidades_domesticas,voucher,2,507,286,52654.81999999999,4.120315581854044,9.126232741617358
2017-11,RS,ALL,ALL,2,501,417,71173.02,3.712574850299401,14.17564870259481
ALL,RS,esporte_lazer,ALL,2,500,421,65669.8,4.236,11.196
2017-10,ALL,esporte_lazer,ALL,2,500,424,61245.009999999995,4.162,7.516
ALL,MG,telefonia,ALL,2,499,460,44428.61,4.110220440881764,7.887775551102204
2018-05,ALL,informatica_acessorios,ALL,2,497,409,70737.14,3.937625754527163,8.937625754527163
2017-05,MG,ALL,ALL,2,497,424,61188.630000000005,4.110663983903421,7.160965794768612
2018-06,ALL,relogios_presentes,ALL,2,495,448,97694.0,4.2,6.733333333333333
2018-04,ALL,utilidades_domesticas,ALL,2,493,420,57540.64,4.0912778904665315,7.202839756592292
ALL,PR,esporte_lazer,ALL,2,492,428,68269.14,4.2073170731707314,7.453252032520325
ALL,PR,cama_mesa_banho,ALL,2,487,402,57883.03999999999,3.8706365503080082,8.862422997946611
2018-07,ALL,esporte_lazer,ALL,2,486,418,67560.28999999998,4.255144032921811,5.549382716049383
ALL,ALL,casa_construcao,credit_card,2,485,397,80592.48999999999,3.950515463917526,8.243298969072164
ALL,ALL,moveis_escritorio,boleto,2,484,352,91700.56,3.5041322314049586,9.066115702479339
2018-03,RS,ALL,ALL,2,484,416,72053.97,3.6673553719008263,15.919421487603305
2018-08,ALL,esporte_lazer,ALL,2,481,436,60747.850000000006,4.353430353430354,4.654885654885655
2017-12,ALL,beleza_saude,ALL,2,480,432,74297.62,4.0875,10.225
2018-01,ALL,ALL,voucher,2,479,301,57474.77,3.874739039665971,9.519832985386222
2017-11,ALL,relogios_presentes,ALL,2,478,430,108815.8,3.9393305439330546,10.707112970711297
2018-04,PR,ALL,ALL,2,478,386,79779.70999999999,4.202928870292887,6.527196652719665
ALL,SP,malas_acessorios,ALL,2,477,420,71970.86,4.40670859538784,5.2746331236897275
ALL,PB,ALL,credit_card,2,476,418,113026.14,4.006302521008403,16.07983193277311
2017-09,ALL,esporte_lazer,ALL,2,476,416,60527.27,4.235294117647059,7.78781512605042
ALL,MG,cool_stuff,ALL,2,473,434,85394.73000000001,4.2283298097251585,8.086680761099366
ALL,ES,ALL,boleto,2,473,403,65678.01,3.9323467230443976,11.350951374207188
2017-06,RJ,ALL,ALL,2,472,410,66087.33,4.067796610169491,8.834745762711865
ALL,ALL,papelaria,boleto,2,470,413,44941.09999999999,4.163829787234042,8.717021276595744
2017-11,PR,ALL,ALL,2,469,371,57513.43000000001,4.031982942430703,10.149253731343284
2017-08,ALL,moveis_decoracao,ALL,2,469,332,47377.67,4.093816631130064,7.735607675906183
ALL,RJ,perfumaria,ALL,2,468,415,62703.9,3.9893162393162394,8.459401709401709
2017-03,RJ,ALL,ALL,2,467,391,71530.92,4.004282655246253,7.233404710920771
ALL,RJ,automotivo,ALL,2,466,413,79041.70999999999,3.944206008583691,11.081545064377682
2018-01,RS,ALL,ALL,2,462,373,59779.1,3.813852813852814,14.880952380952381
2018-08,ALL,moveis_decoracao,ALL,2,461,344,55763.72,4.1193058568329715,4.843817787418655
2018-07,ALL,moveis_decoracao,ALL,2,460,347,60591.2,4.334782608695652,5.573913043478261
ALL,RS,beleza_saude,ALL,2,456,396,65871.47,4.06359649122807,11.342105263157896
2017-12,ALL,brinquedos,ALL,2,452,421,66934.13,3.90929203539823,10.632743362831858
2018-06,ALL,esporte_lazer,ALL,2,451,377,56405.75,4.33259423503326,5.831485587583148
ALL,DF,ALL,boleto,2,451,390,53240.2,3.951219512195122,8.902439024390244
2017-11,ALL,utilidades_domesticas,ALL,2,451,353,46812.46000000001,3.975609756097561,8.365853658536585
2018-03,PR,ALL,ALL,2,450,376,63993.64,3.7977777777777777,10.966666666666667
ALL,RS,utilidades_domesticas,ALL,2,449,350,50386.56999999999,3.964365256124722,10.505567928730512
2018-03,ALL,relogios_presentes,ALL,2,448,416,112281.97,3.6785714285714284,15.839285714285714
ALL,RJ,telefonia,ALL,2,448,407,47007.64,3.9285714285714284,9.551339285714286
ALL,RJ,eletronicos,ALL,2,448,400,36619.22,3.767857142857143,13.477678571428571
2018-01,PR,ALL,ALL,2,447,375,56102.64,3.894854586129754,9.767337807606264
2018-02,RS,ALL,ALL,2,446,368,58090.78999999999,3.8497757847533634,16.68609865470852
2018-02,ALL,moveis_decoracao,ALL,2,444,342,49336.92,3.56981981981982,12.254504504504505
ALL,SP,construcao_ferramentas_construcao,ALL,2,441,337,70909.1,4.208616780045351,4.566893424036281
2017-08,ALL,esporte_lazer,ALL,2,440,383,51118.75,4.334090909090909,8.254545454545454
2018-07,ALL,informatica_acessorios,ALL,2,439,389,52622.2,4.255125284738041,6.220956719817767
2017-02,ALL,ALL,boleto,2,438,385,56017.36,4.089041095890411,9.705479452054794
2018-05,RS,ALL,ALL,2,437,351,70350.14000000001,4.237986270022883,10.352402745995423
2017-03,MG,ALL,ALL,2,437,352,52014.56,4.155606407322654,7.855835240274599
2018-02,ALL,utilidades_domesticas,ALL,2,435,342,48305.86,3.8735632183908044,11.829885057471264
2017-06,ALL,cama_mesa_banho,ALL,2,435,335,46034.06,4.096551724137931,8.993103448275862
ALL,RN,ALL,credit_card,2,434,387,83416.09,4.087557603686636,14.483870967741936
ALL,PR,beleza_saude,ALL,2,434,381,63773.19,4.253456221198157,7.649769585253456
2018-03,ALL,utilidades_domesticas,ALL,2,433,338,48747.3,3.759815242494226,10.498845265588914
2017-11,ALL,ALL,voucher,2,432,263,42309.54,3.837962962962963,8.530092592592593
2017-05,ALL,cama_mesa_banho,ALL,2,430,329,45676.43000000001,4.058139534883721,8.54186046511628
2018-06,ALL,informatica_acessorios,ALL,2,429,358,53237.34,4.125874125874126,6.3426573426573425
2018-08,ALL,relogios_presentes,ALL,2,428,392,83963.59999999999,4.142523364485982,5.441588785046729
2018-03,ALL,ALL,voucher,2,428,272,56203.35,3.857476635514019,10.422897196261681
2018-08,ALL,informatica_acessorios,ALL,2,428,384,49130.19,4.2733644859813085,5.16588785046729
ALL,ALL,fashion_bolsas_e_acessorios,boleto,2,425,388,31224.559999999998,4.284705882352942,7.767058823529411
ALL,PI,ALL,credit_card,2,422,382,91705.73,3.9123222748815167,15.976303317535544
ALL,MG,perfumaria,ALL,2,422,379,57541.3,4.265402843601896,7.997630331753554
2017-07,ALL,esporte_lazer,ALL,2,422,337,52656.6,4.182464454976303,8.014218009478673
2018-01,ALL,papelaria,ALL,2,422,379,50805.76,4.2274881516587675,10.855450236966824
2017-06,MG,ALL,ALL,2,418,360,56799.66,4.246411483253588,8.629186602870814
2017-12,ALL,moveis_decoracao,ALL,2,418,315,43091.3,3.889952153110048,9.605263157894736
2018-06,ALL,moveis_decoracao,ALL,2,411,318,52922.15,4.038929440389294,5.995133819951338
ALL,ALL,esporte_lazer,voucher,2,411,274,50846.5,4.128953771289538,8.143552311435522
ALL,ALL,livros_interesse_geral,credit_card,2,410,380,43412.86,4.45609756097561,8.307317073170731
2017-09,ALL,beleza_saude,ALL,2,406,360,62044.43000000001,4.241379310344827,8.421182266009852
ALL,ALL,moveis_sala,credit_card,2,403,330,69422.5,3.8535980148883375,9.573200992555831
2018-02,PR,ALL,ALL,2,400,338,54092.74,3.9775,10.505
2018-04,RS,ALL,ALL,2,399,349,62284.62,4.177944862155388,9.87468671679198
ALL,PR,informatica_acessorios,ALL,2,399,338,52242.520000000004,4.017543859649122,7.30827067669173
2017-04,RJ,ALL,ALL,2,397,334,67864.45999999999,4.103274559193955,9.994962216624685
2017-07,ALL,ALL,voucher,2,396,200,47374.53,3.888888888888889,7.69949494949495
ALL,BA,beleza_saude,ALL,2,395,329,66113.01000000001,3.8759493670886074,15.369620253164557
2018-04,ALL,ALL,voucher,2,395,238,47119.51,4.091139240506329,9.29873417721519
2017-11,ALL,telefonia,ALL,2,395,351,33283.869999999995,3.7367088607594936,10.336708860759494
2017-10,ALL,moveis_decoracao,ALL,2,392,270,39287.91,3.923469387755102,7.920918367346939
ALL,ALL,beleza_saude,voucher,2,389,248,47510.64,3.948586118251928,8.290488431876607
2018-01,ALL,telefonia,ALL,2,389,347,21298.510000000002,3.8637532133676094,10.025706940874036
2018-06,ALL,ALL,voucher,2,388,231,50489.39,4.180412371134021,6.690721649484536
2017-10,ALL,beleza_saude,ALL,2,387,332,51156.729999999996,4.160206718346253,7.5271317829457365
ALL,MG,bebes,ALL,2,386,345,58155.0,3.930051813471503,7.981865284974093
2018-01,ALL,utilidades_domesticas,ALL,2,385,322,50384.07,3.994805194805195,9.288311688311689
2018-08,ALL,automotivo,ALL,2,384,352,57722.61,4.231770833333333,4.973958333333333
2018-07,RS,ALL,ALL,2,384,314,54868.83,4.208333333333333,6.9765625
2018-08,PR,ALL,ALL,2,383,331,52148.509999999995,4.310704960835509,5.16710182767624
2018-01,ALL,relogios_presentes,ALL,2,382,337,84346.99,3.931937172774869,9.586387434554974
2017-01,SP,ALL,ALL,2,382,295,50049.759999999995,4.112565445026178,6.2408376963350785
2018-07,PR,ALL,ALL,2,381,319,57239.84,4.346456692913386,5.68241469816273
ALL,ALL,alimentos,credit_card,2,381,328,28369.230000000003,4.2493438320209975,7.183727034120735
ALL,RJ,bebes,ALL,2,380,345,53658.51,3.75,12.639473684210527
2017-12,ALL,relogios_presentes,ALL,2,376,346,79333.79000000001,4.026595744680851,10.816489361702128
2018-08,RS,ALL,ALL,2,376,296,53376.56,4.300531914893617,7.01063829787234
ALL,SC,esporte_lazer,ALL,2,376,315,53276.23,4.156914893617022,10.40159574468085
2017-08,ALL,informatica_acessorios,ALL,2,376,297,43186.47,4.215425531914893,6.5611702127659575
2018-05,PR,ALL,ALL,2,375,311,56648.43000000001,4.16,9.106666666666667
2017-08,ALL,beleza_saude,ALL,2,374,345,58546.729999999996,4.278074866310161,7.529411764705882
2018-02,ALL,telefonia,ALL,2,373,333,19733.5,3.8203753351206435,11.616621983914209
ALL,AL,ALL,credit_card,2,371,336,82033.06,3.733153638814016,20.336927223719677
2018-01,SC,ALL,ALL,2,368,313,47902.95,3.807065217391304,15.067934782608695
ALL,SP,eletrodomesticos,ALL,2,368,345,42663.46,4.296195652173913,4.225543478260869
ALL,ALL,pet_shop,boleto,2,368,311,40407.590000000004,4.282608695652174,7.076086956521739
2018-04,ALL,automotivo,ALL,2,367,336,58273.5,4.111716621253406,8.299727520435967
ALL,PR,utilidades_domesticas,ALL,2,367,283,44857.42,4.013623978201635,8.024523160762943
2018-06,RS,ALL,ALL,2,366,304,55000.06,4.327868852459017,9.09016393442623
ALL,SC,moveis_decoracao,ALL,2,365,276,41206.950000000004,3.9178082191780823,11.46027397260274
2017-11,SC,ALL,ALL,2,364,298,48050.21000000001,3.7362637362637363,12.596153846153847
2017-09,ALL,moveis_decoracao,ALL,2,363,275,39410.66,4.1652892561983474,8.490358126721762
ALL,RJ,moveis_escritorio,ALL,2,361,217,68106.72,3.3684210526315788,12.149584487534627
2018-05,ALL,ALL,voucher,2,361,202,48492.19,4.083102493074792,9.581717451523545
2018-03,ALL,telefonia,ALL,2,359,329,32640.71,3.5403899721448466,11.292479108635098
2018-06,PR,ALL,ALL,2,358,307,51498.990000000005,4.134078212290503,6.268156424581005
2018-01,ALL,eletronicos,ALL,2,357,322,22047.809999999998,3.946778711484594,9.596638655462185
2018-07,ALL,automotivo,ALL,2,355,327,52016.81999999999,4.414084507042253,5.892957746478873
2018-03,ALL,automotivo,ALL,2,354,325,53948.619999999995,3.8163841807909606,12.533898305084746
2017-06,ALL,utilidades_domesticas,ALL,2,353,289,31566.16,4.15014164305949,8.677053824362606
ALL,SC,cama_mesa_banho,ALL,2,352,272,40481.61,3.7698863636363638,11.585227272727273
2018-02,ALL,relogios_presentes,ALL,2,351,317,72821.57,3.6296296296296298,15.131054131054132
2017-07,ALL,informatica_acessorios,ALL,2,350,274,48490.56,4.045714285714285,8.885714285714286
ALL,ALL,casa_conforto,credit_card,2,349,319,54164.89,3.7822349570200573,9.859598853868194
2017-03,ALL,moveis_decoracao,ALL,2,347,265,31328.160000000003,3.9855907780979827,9.61671469740634
2017-11,ALL,perfumaria,ALL,2,346,293,40445.96000000001,3.7341040462427744,9.303468208092486
2017-07,ALL,moveis_decoracao,ALL,2,346,253,33308.8,4.11271676300578,7.130057803468208
2018-02,ALL,ALL,voucher,2,342,219,47092.45,3.818713450292398,12.385964912280702
ALL,ALL,informatica_acessorios,voucher,2,342,228,44813.57,4.114035087719298,9.47953216374269
2017-08,RS,ALL,ALL,2,340,299,42371.259999999995,4.120588235294117,11.070588235294117
ALL,RJ,papelaria,ALL,2,340,305,40971.68,3.8294117647058825,12.838235294117647
2017-08,ALL,ALL,voucher,2,340,195,33205.08,4.3882352941176475,6.155882352941177
2018-02,ALL,automotivo,ALL,2,337,303,50772.95,3.943620178041543,12.068249258160238
2017-12,ALL,ALL,voucher,2,337,217,38659.64,3.6617210682492582,11.964391691394658
2017-05,ALL,informatica_acessorios,ALL,2,336,260,53668.32000000001,4.288690476190476,8.336309523809524
ALL,SC,informatica_acessorios,ALL,2,336,267,45666.42999999999,3.9464285714285716,12.011904761904763
2017-12,ALL,ferramentas_jardim,ALL,2,334,245,35892.66,3.9011976047904193,13.826347305389222
2018-02,ALL,eletronicos,ALL,2,334,301,20216.55,3.8592814371257487,14.032934131736527
2017-10,ALL,informatica_acessorios,ALL,2,333,265,51495.25,4.054054054054054,7.117117117117117
2017-09,ALL,ALL,voucher,2,333,173,43984.46000000001,4.171171171171171,8.825825825825826
2017-10,ALL,relogios_presentes,ALL,2,330,287,75555.6,4.024242424242424,7.9363636363636365
ALL,PR,relogios_presentes,ALL,2,329,274,67946.65000000001,3.945288753799392,8.261398176291793
2017-07,ALL,beleza_saude,ALL,2,329,278,41748.15,3.9361702127659575,7.2522796352583585
2017-05,ALL,esporte_lazer,ALL,2,328,266,43686.83,4.1676829268292686,8.75
2017-05,ALL,moveis_decoracao,ALL,2,327,234,34726.54,3.932721712538226,8.660550458715596
2017-05,ALL,utilidades_domesticas,ALL,2,326,264,28015.21,4.220858895705521,6.7607361963190185
2017-12,RS,ALL,ALL,2,325,280,53134.8,3.8615384615384616,15.584615384615384
2018-05,ALL,automotivo,ALL,2,324,298,49624.15,4.151234567901234,8.271604938271604
2017-04,MG,ALL,ALL,2,324,275,48571.86,4.089506172839506,7.9907407407407405
2017-10,RS,ALL,ALL,2,323,248,46771.02,4.012383900928793,9.873065015479876
2017-09,RS,ALL,ALL,2,323,277,44173.95,4.191950464396285,10.18266253869969
2017-03,ALL,cama_mesa_banho,ALL,2,323,249,33664.270000000004,3.9009287925696596,8.705882352941176
ALL,ALL,unknown,boleto,2,319,279,40495.42,3.739811912225705,9.949843260188088
2017-08,ALL,utilidades_domesticas,ALL,2,319,249,32010.690000000002,4.163009404388715,6.084639498432602
ALL,SC,beleza_saude,ALL,2,317,287,46819.55,4.091482649842272,10.829652996845425
2017-07,RS,ALL,ALL,2,317,246,41789.45,3.971608832807571,10.43217665615142
2017-11,ALL,cool_stuff,ALL,2,316,291,65071.83,4.069620253164557,10.231012658227849
2017-02,MG,ALL,ALL,2,316,251,38622.11,4.094936708860759,8.481012658227849
2018-04,SC,ALL,ALL,2,315,246,52462.259999999995,4.161904761904762,8.933333333333334
2018-01,ALL,cool_stuff,ALL,2,315,289,49064.63,4.117460317460317,9.247619047619047
2017-11,BA,ALL,ALL,2,315,245,38019.87,3.787301587301587,15.463492063492064
ALL,SP,eletroportateis,ALL,2,313,281,80460.07,4.1629392971246,4.651757188498403
2018-06,ALL,automotivo,ALL,2,313,272,58345.56,4.067092651757188,6.706070287539936
2017-09,ALL,brinquedos,ALL,2,313,273,38575.86,4.18849840255591,8.070287539936102
2017-04,ALL,cama_mesa_banho,ALL,2,313,234,33529.32,3.987220447284345,10.488817891373802
2018-02,SC,ALL,ALL,2,312,257,39861.590000000004,3.4198717948717947,17.371794871794872
ALL,BA,esporte_lazer,ALL,2,310,257,48423.19,3.8225806451612905,15.374193548387098
2017-05,ALL,ALL,voucher,2,310,171,43165.280000000006,4.083870967741936,7.051612903225807
2018-03,BA,ALL,ALL,2,309,248,49404.2,3.284789644012945,18.300970873786408
2017-10,ALL,brinquedos,ALL,2,309,279,41535.369999999995,4.236245954692556,7.799352750809062
2018-02,ALL,ferramentas_jardim,ALL,2,309,232,34672.92,3.618122977346278,12.906148867313917
2018-05,ALL,ferramentas_jardim,ALL,2,307,230,44301.25,4.319218241042345,9.742671009771987
2018-07,ALL,ALL,voucher,2,307,212,38935.86,4.107491856677524,6.309446254071661
2017-10,ALL,ALL,voucher,2,306,203,38219.47,4.052287581699346,7.709150326797386
2017-12,ALL,utilidades_domesticas,ALL,2,306,249,33571.44,3.8594771241830066,8.967320261437909
2018-04,ALL,telefonia,ALL,2,306,250,22108.489999999998,3.9215686274509802,7.627450980392157
2017-05,ALL,beleza_saude,ALL,2,304,267,54267.520000000004,4.144736842105263,6.680921052631579
2018-08,ALL,ALL,debit_card,2,304,276,45984.21,4.2894736842105265,4.407894736842105
ALL,ALL,bebidas,credit_card,2,304,234,20960.46,4.029605263157895,6.595394736842105
ALL,MG,eletronicos,ALL,2,303,260,27110.9,3.867986798679868,9.323432343234323
ALL,RS,ferramentas_jardim,ALL,2,302,232,44822.61,3.9768211920529803,12.099337748344372
2017-07,ALL,utilidades_domesticas,ALL,2,302,225,28319.070000000003,4.2052980132450335,6.559602649006623
ALL,BA,ALL,voucher,2,301,173,38181.590000000004,3.903654485049834,14.91029900332226
ALL,PE,ALL,boleto,2,300,276,47751.59,4.1033333333333335,13.65
2018-04,ALL,ferramentas_jardim,ALL,2,300,238,42176.31999999999,4.093333333333334,9.39
2017-02,RJ,ALL,ALL,2,300,246,39973.09,4.0,7.93
2018-05,BA,ALL,ALL,2,299,240,46816.06,3.739130434782609,16.662207357859533
2017-12,ALL,informatica_acessorios,ALL,2,298,252,44687.28999999999,4.040268456375839,11.550335570469798
2018-03,SC,ALL,ALL,2,298,251,44514.46,3.7583892617449663,12.667785234899329
ALL,RS,ALL,voucher,2,297,174,45833.45,3.8114478114478114,11.88888888888889
2017-10,ALL,ferramentas_jardim,ALL,2,296,214,34045.88,4.199324324324325,9.253378378378379
ALL,RS,telefonia,ALL,2,295,255,24247.04,4.027118644067796,10.715254237288136
2017-06,ALL,esporte_lazer,ALL,2,291,250,40268.2,4.374570446735395,8.876288659793815
ALL,PR,ALL,voucher,2,291,196,33142.55,4.223367697594502,8.876288659793815
ALL,SP,instrumentos_musicais,ALL,2,290,253,86612.3,4.255172413793104,4.741379310344827
2016-10,ALL,ALL,credit_card,2,290,243,47440.56,3.6482758620689655,5.775862068965517
2018-08,ALL,telefonia,ALL,2,289,246,44766.229999999996,4.031141868512111,5.629757785467128
2017-12,PR,ALL,ALL,2,289,264,35827.75,3.958477508650519,10.498269896193772
ALL,SP,alimentos,ALL,2,288,246,18593.640000000003,4.260416666666667,3.763888888888889
ALL,MG,papelaria,ALL,2,287,243,30717.72,4.2787456445993035,7.885017421602788
ALL,SP,casa_construcao,ALL,2,286,204,40124.04,3.972027972027972,5.13986013986014
ALL,SE,ALL,credit_card,2,284,259,57384.42,3.7816901408450705,16.760563380281692
2018-03,ALL,cool_stuff,ALL,2,284,242,48365.79000000001,3.8450704225352115,10.376760563380282
2017-02,ALL,moveis_decoracao,ALL,2,283,221,28020.03,3.8268551236749118,8.826855123674912
ALL,BA,cama_mesa_banho,ALL,2,282,223,34066.98,3.6631205673758864,16.30851063829787
ALL,RS,cool_stuff,ALL,2,281,255,55391.05,4.213523131672598,11.02846975088968
2017-09,ALL,relogios_presentes,ALL,2,281,255,52775.28999999999,4.238434163701068,8.558718861209965
ALL,MG,fashion_bolsas_e_acessorios,ALL,2,281,248,29557.409999999996,4.274021352313167,7.145907473309609
2017-12,ALL,automotivo,ALL,2,280,243,46483.53,3.9571428571428573,11.364285714285714
2017-12,ALL,telefonia,ALL,2,280,244,18249.74,3.982142857142857,9.964285714285714
2018-01,BA,ALL,ALL,2,279,235,45270.19,3.781362007168459,14.437275985663083
2017-08,ALL,cool_stuff,ALL,2,277,241,52413.52,4.382671480144404,6.754512635379061
2017-06,ALL,beleza_saude,ALL,2,276,239,38319.94,4.231884057971015,9.02536231884058
2018-07,BA,ALL,ALL,2,275,250,52483.84,4.189090909090909,10.185454545454546
2018-05,SC,ALL,ALL,2,275,227,42624.560000000005,4.221818181818182,10.294545454545455
2017-06,ALL,informatica_acessorios,ALL,2,274,219,43032.15,4.0,8.113138686131387
2018-08,ALL,ALL,voucher,2,273,181,36698.06,4.2344322344322345,4.553113553113553
2017-12,ALL,cool_stuff,ALL,2,272,235,47196.78,4.040441176470588,11.316176470588236
2018-01,ALL,automotivo,ALL,2,272,244,41926.92999999999,4.0625,9.1875
ALL,MT,ALL,boleto,2,272,237,39047.92,4.0036764705882355,13.856617647058824
ALL,BA,moveis_decoracao,ALL,2,271,202,32828.399999999994,3.7527675276752768,15.933579335793358
ALL,BA,telefonia,ALL,2,271,229,29898.89,3.5719557195571956,14.468634686346864
2017-11,ALL,automotivo,ALL,2,270,245,41734.409999999996,3.9407407407407407,10.281481481481482
2018-02,BA,ALL,ALL,2,270,214,41034.83,3.5037037037037035,18.27777777777778
ALL,SC,utilidades_domesticas,ALL,2,270,224,33670.33,3.9555555555555557,10.411111111111111
2017-05,ALL,cool_stuff,ALL,2,269,236,41684.40000000001,4.148698884758364,7.33457249070632
ALL,ALL,ferramentas_jardim,voucher,2,269,135,39673.100000000006,3.5724907063197024,10.594795539033457
2017-09,ALL,informatica_acessorios,ALL,2,269,216,36260.73,3.936802973977695,7.434944237918216
2017-06,RS,ALL,ALL,2,269,220,29740.120000000003,4.4535315985130115,8.423791821561338
ALL,BA,informatica_acessorios,ALL,2,268,222,40937.09,3.9813432835820897,12.98134328358209
2018-03,ALL,ferramentas_jardim,ALL,2,268,205,34688.87,3.791044776119403,13.712686567164178
2017-10,ALL,telefonia,ALL,2,267,228,28929.47,4.071161048689139,7.610486891385768
2017-09,ALL,utilidades_domesticas,ALL,2,267,223,26680.449999999997,4.176029962546816,6.52434456928839
2017-10,ALL,cool_stuff,ALL,2,266,246,52244.659999999996,4.2819548872180455,7.902255639097745
2017-08,PR,ALL,ALL,2,266,222,34968.68,4.387218045112782,6.447368421052632
2018-03,ALL,eletronicos,ALL,2,265,244,17467.5,3.762264150943396,12.516981132075472
ALL,ALL,audio,credit_card,2,264,254,45687.020000000004,3.8863636363636362,10.329545454545455
2018-07,ALL,ALL,debit_card,2,263,241,42777.0,4.250950570342205,5.901140684410646
ALL,MG,pet_shop,ALL,2,262,222,38607.83,4.2748091603053435,6.847328244274809
2017-05,PR,ALL,ALL,2,262,213,37471.979999999996,4.320610687022901,7.133587786259542
2018-05,ALL,bebes,ALL,2,261,224,40891.41,4.168582375478927,7.532567049808429
ALL,PR,telefonia,ALL,2,261,226,18032.24,4.061302681992337,8.567049808429118
2018-05,ALL,telefonia,ALL,2,260,243,26174.660000000003,4.25,8.211538461538462
2018-06,SC,ALL,ALL,2,259,205,40851.58,4.22007722007722,6.66023166023166
2018-04,BA,ALL,ALL,2,258,225,39502.68000000001,3.802325581395349,18.375968992248062
2017-12,ALL,papelaria,ALL,2,258,231,31426.949999999997,3.988372093023256,11.720930232558139
ALL,ALL,relogios_presentes,voucher,2,257,192,52584.84,3.9610894941634243,10.093385214007782
ALL,GO,cama_mesa_banho,ALL,2,256,192,30208.690000000002,3.66796875,13.22265625
2017-10,ALL,utilidades_domesticas,ALL,2,254,191,22883.299999999996,4.149606299212598,6.409448818897638
2017-10,PR,ALL,ALL,2,252,203,39815.45999999999,3.873015873015873,8.261904761904763
ALL,DF,beleza_saude,ALL,2,252,223,35467.6,4.111111111111111,9.623015873015873
2018-04,ALL,bebes,ALL,2,251,222,57588.55,3.9800796812749004,8.784860557768924
2017-08,ALL,ferramentas_jardim,ALL,2,251,199,30762.960000000003,4.314741035856573,7.53784860557769
2018-03,ALL,brinquedos,ALL,2,251,222,29463.28,3.637450199203187,11.119521912350598
2017-06,ALL,ALL,voucher,2,251,141,29114.66,4.087649402390438,13.330677290836654
2017-07,ALL,cool_stuff,ALL,2,250,222,45124.17,4.26,8.052
2017-12,ALL,perfumaria,ALL,2,250,233,32517.129999999997,4.076,10.084
2018-01,ALL,ferramentas_jardim,ALL,2,248,205,33653.57,4.008064516129032,10.435483870967742
ALL,BA,relogios_presentes,ALL,2,246,222,56608.83,3.7560975609756095,15.495934959349594
2018-08,SC,ALL,ALL,2,246,203,41077.67,4.345528455284553,6.130081300813008
ALL,RS,relogios_presentes,ALL,2,244,227,55003.47,4.045081967213115,11.98360655737705
2017-05,RS,ALL,ALL,2,244,206,35147.350000000006,4.286885245901639,8.827868852459016
ALL,ALL,consoles_games,boleto,2,243,228,29999.440000000002,4.016460905349795,9.119341563786008
ALL,ES,cama_mesa_banho,ALL,2,243,199,28766.93,3.786008230452675,14.016460905349794
ALL,PE,beleza_saude,ALL,2,242,226,50451.19,4.074380165289257,13.698347107438016
ALL,ALL,cool_stuff,voucher,2,242,149,36118.06,4.028925619834711,8.305785123966942
2017-06,ALL,moveis_decoracao,ALL,2,241,180,22819.82,4.182572614107884,7.962655601659751
2017-07,PR,ALL,ALL,2,240,197,30893.83,4.433333333333334,6.583333333333333
2018-07,ALL,bebes,ALL,2,240,210,30320.93,4.304166666666666,6.941666666666666
2017-01,ALL,ALL,boleto,2,240,193,24349.39,4.2625,7.545833333333333
2018-05,ALL,eletronicos,ALL,2,240,223,21366.88,4.3125,8.445833333333333
2018-06,ALL,bebes,ALL,2,239,207,42325.79000000001,4.184100418410042,6.2301255230125525
ALL,MA,ALL,boleto,2,239,202,40595.73,3.7489539748953975,15.514644351464435
ALL,SP,casa_conforto,ALL,2,239,184,36362.369999999995,4.046025104602511,7.364016736401673
ALL,PR,automotivo,ALL,2,239,209,34463.640000000014,3.9539748953974896,9.723849372384937
2018-03,ALL,bebes,ALL,2,238,217,53807.880000000005,3.596638655462185,10.970588235294118
2018-01,ALL,perfumaria,ALL,2,238,213,24446.780000000002,4.008403361344538,10.378151260504202
ALL,RJ,unknown,ALL,2,237,199,28871.639999999996,3.607594936708861,10.156118143459915
2018-01,ALL,bebes,ALL,2,236,212,36975.39,3.7584745762711864,12.915254237288135
2018-06,BA,ALL,ALL,2,235,201,45367.23999999999,3.9617021276595743,14.672340425531916
ALL,PA,ALL,boleto,2,235,214,44364.909999999996,3.8680851063829786,18.280851063829786
2017-09,ALL,ferramentas_jardim,ALL,2,235,179,30017.01,4.293617021276596,9.068085106382979
2017-12,ALL,eletronicos,ALL,2,235,190,12988.46,4.093617021276596,11.327659574468084
ALL,GO,beleza_saude,ALL,2,233,208,33917.79,4.068669527896995,12.042918454935622
ALL,SP,livros_interesse_geral,ALL,2,230,214,22367.92,4.48695652173913,4.7956521739130435
ALL,ALL,perfumaria,voucher,2,230,150,22123.019999999997,3.517391304347826,9.773913043478261
ALL,PR,cool_stuff,ALL,2,229,203,43610.65,4.349344978165939,8.620087336244541
ALL,RJ,pet_shop,ALL,2,229,199,31849.32,3.903930131004367,8.956331877729257
2017-05,ALL,telefonia,ALL,2,229,204,13346.61,3.8777292576419216,7.685589519650655
2018-07,ALL,telefonia,ALL,2,228,206,31368.14,4.0131578947368425,6.4868421052631575
ALL,PR,ferramentas_jardim,ALL,2,228,174,27293.090000000004,4.2631578947368425,9.947368421052632
2017-03,ALL,utilidades_domesticas,ALL,2,228,178,19060.780000000002,4.105263157894737,8.789473684210526
ALL,TO,ALL,credit_card,2,227,195,47261.84,4.061674008810573,13.396475770925111
2018-05,ALL,brinquedos,ALL,2,227,214,36976.18,4.343612334801762,8.035242290748899
2017-03,ALL,ALL,voucher,2,227,123,28212.24,4.176211453744493,8.832599118942731
ALL,DF,esporte_lazer,ALL,2,227,194,27747.25,4.136563876651983,9.14977973568282
ALL,CE,ALL,boleto,2,226,205,39728.689999999995,3.8672566371681416,15.380530973451327
2017-12,BA,ALL,ALL,2,225,192,34429.28,3.9555555555555557,17.52
2017-04,ALL,esporte_lazer,ALL,2,225,198,30384.53,4.022222222222222,10.057777777777778
2018-08,ALL,perfumaria,ALL,2,225,207,29211.189999999995,4.32,4.626666666666667
2018-06,ALL,telefonia,ALL,2,225,205,28613.299999999996,4.124444444444444,6.217777777777778
2018-08,ALL,bebes,ALL,2,225,206,27977.53,4.191111111111111,4.8133333333333335
ALL,RS,brinquedos,ALL,2,224,203,34900.3,4.165178571428571,11.200892857142858
ALL,ALL,climatizacao,credit_card,2,222,192,48661.619999999995,3.936936936936937,7.418918918918919
2018-07,SC,ALL,ALL,2,222,198,37465.270000000004,4.328828828828829,6.193693693693693
2017-09,PR,ALL,ALL,2,222,179,27844.02,4.112612612612613,7.72972972972973
ALL,ALL,market_place,credit_card,2,222,198,24136.04,4.004504504504505,7.576576576576577
ALL,DF,cama_mesa_banho,ALL,2,222,173,21386.98,3.8513513513513513,11.175675675675675
2017-07,ALL,brinquedos,ALL,2,221,201,29652.53,4.461538461538462,7.203619909502263
2018-01,ALL,unknown,ALL,2,221,184,27568.679999999997,3.484162895927602,8.638009049773755
ALL,ALL,moveis_cozinha_area_de_servico_jantar_e_jardim,credit_card,2,220,190,47898.72,4.040909090909091,7.386363636363637
2018-02,ALL,perfumaria,ALL,2,220,198,23932.159999999996,4.172727272727273,10.686363636363636
2017-11,ALL,fashion_bolsas_e_acessorios,ALL,2,220,185,17292.760000000002,3.590909090909091,9.681818181818182
ALL,SP,bebidas,ALL,2,220,167,11950.16,4.054545454545455,3.618181818181818
ALL,RS,bebes,ALL,2,219,201,36708.08,4.210045662100456,10.32420091324201
ALL,ALL,telefonia,voucher,2,219,157,18747.33,4.031963470319635,9.465753424657533
2018-04,ALL,eletronicos,ALL,2,218,203,15279.71,4.087155963302752,9.256880733944953
2017-08,ALL,relogios_presentes,ALL,2,217,195,41313.490000000005,4.364055299539171,7.635944700460829
ALL,ALL,fashion_calcados,credit_card,2,217,195,23340.14,4.253456221198157,9.2073732718894
2017-03,ALL,esporte_lazer,ALL,2,215,171,38127.86,4.227906976744186,8.916279069767441
ALL,ALL,construcao_ferramentas_iluminacao,credit_card,2,215,181,37666.56999999999,3.986046511627907,6.6
2017-03,ALL,beleza_saude,ALL,2,215,193,30776.920000000006,4.293023255813954,8.906976744186046
2018-03,ALL,perfumaria,ALL,2,215,186,24802.789999999997,3.7906976744186047,12.325581395348838
2017-09,ALL,cool_stuff,ALL,2,214,200,44391.5,4.158878504672897,7.434579439252336
2017-06,ALL,cool_stuff,ALL,2,214,197,44089.37999999999,4.350467289719626,8.80373831775701
ALL,PR,brinquedos,ALL,2,214,201,29478.83,4.285046728971962,8.392523364485982
ALL,RJ,fashion_bolsas_e_acessorios,ALL,2,214,185,21380.04,4.070093457943925,10.616822429906541
2017-09,BA,ALL,ALL,2,213,170,30506.8,3.896713615023474,15.661971830985916
2017-04,ALL,moveis_decoracao,ALL,2,213,169,26709.57,3.9061032863849765,9.544600938967136
2018-04,ALL,cool_stuff,ALL,2,212,195,41389.909999999996,4.193396226415095,9.660377358490566
2017-11,ALL,bebes,ALL,2,211,190,26718.21,3.772511848341232,10.251184834123222
ALL,RJ,ALL,debit_card,2,210,185,32481.120000000003,3.8666666666666667,9.995238095238095
2017-12,SC,ALL,ALL,2,210,192,29270.43,4.076190476190476,13.82857142857143
ALL,SP,moveis_sala,ALL,2,209,161,30437.100000000002,3.861244019138756,7.4688995215311005
2018-07,ALL,perfumaria,ALL,2,209,174,26048.96,4.511961722488039,4.856459330143541
2017-04,ALL,ALL,voucher,2,207,114,36785.05,3.550724637681159,10.1256038647343
2018-06,ALL,ALL,debit_card,2,207,180,35695.53,4.193236714975845,6.913043478260869
2018-04,ALL,brinquedos,ALL,2,207,196,27759.299999999996,4.256038647342995,7.391304347826087
2017-01,ALL,moveis_decoracao,ALL,2,207,137,18522.03,3.893719806763285,10.091787439613526
2018-03,ALL,moveis_escritorio,ALL,2,206,151,40338.13999999999,3.2718446601941746,10.402912621359222
ALL,ALL,industria_comercio_e_negocios,credit_card,2,206,182,36379.69,4.145631067961165,7.766990291262136
2017-10,BA,ALL,ALL,2,206,164,30663.569999999996,3.737864077669903,13.606796116504855
2018-06,ALL,brinquedos,ALL,2,206,177,28151.899999999998,4.441747572815534,6.179611650485437
2017-05,ALL,brinquedos,ALL,2,205,196,26518.260000000002,4.5024390243902435,6.3707317073170735
2018-08,ALL,pet_shop,ALL,2,204,167,29331.55,4.392156862745098,3.9558823529411766
ALL,RO,ALL,credit_card,2,203,181,43304.299999999996,4.024630541871921,16.004926108374384
ALL,MS,ALL,boleto,2,202,174,28185.64,4.103960396039604,11.96039603960396
2017-11,ES,ALL,ALL,2,201,170,29433.690000000002,3.746268656716418,12.149253731343284
2018-05,ALL,perfumaria,ALL,2,201,180,28086.600000000002,4.2388059701492535,7.557213930348259
2017-10,ALL,perfumaria,ALL,2,200,177,20967.65,4.315,7.41
ALL,ALL,brinquedos,voucher,2,200,135,20384.84,4.27,7.55
ALL,MG,malas_acessorios,ALL,2,199,176,28743.030000000002,4.452261306532663,6.376884422110553
ALL,ALL,livros_tecnicos,credit_card,2,197,190,17611.98,4.416243654822335,8.279187817258883
ALL,ALL,alimentos_bebidas,credit_card,2,196,164,16013.48,4.408163265306122,7.035714285714286
ALL,RS,automotivo,ALL,2,195,176,32183.770000000004,4.184615384615385,11.292307692307693
2018-07,ALL,papelaria,ALL,2,195,169,21803.699999999997,4.358974358974359,5.8820512820512825
2017-04,ALL,beleza_saude,ALL,2,194,176,27080.61,4.010309278350515,10.783505154639176
2017-10,SC,ALL,ALL,2,194,174,25091.08,4.206185567010309,8.587628865979381
2018-02,DF,ALL,ALL,2,194,171,25008.75,3.747422680412371,14.65979381443299
2018-06,ALL,eletronicos,ALL,2,194,174,13048.48,4.412371134020619,6.530927835051546
2018-06,ALL,perfumaria,ALL,2,193,169,31783.759999999995,4.316062176165803,6.062176165803109
2017-07,SC,ALL,ALL,2,193,158,23830.36,4.269430051813472,9.352331606217616
2017-11,ALL,eletronicos,ALL,2,193,165,13562.48,3.9585492227979273,10.564766839378239
ALL,ALL,construcao_ferramentas_jardim,credit_card,2,192,155,25497.4,4.052083333333333,8.317708333333334
ALL,SC,relogios_presentes,ALL,2,191,164,38279.86,4.183246073298429,10.204188481675393
2018-06,ALL,ferramentas_jardim,ALL,2,191,149,23655.620000000003,4.272251308900524,6.282722513089006
2017-04,ALL,utilidades_domesticas,ALL,2,191,144,18940.92,3.8900523560209423,9.837696335078535
2018-02,ALL,cool_stuff,ALL,2,190,182,34855.42,3.8684210526315788,12.852631578947369
2018-07,ALL,ferramentas_jardim,ALL,2,190,154,33652.55,4.28421052631579,5.352631578947369
ALL,ALL,automotivo,voucher,2,190,140,27938.300000000003,4.1421052631578945,8.736842105263158
2017-07,ALL,ferramentas_jardim,ALL,2,190,159,24251.57,4.157894736842105,7.7894736842105265
2017-08,BA,ALL,ALL,2,189,158,37995.57,4.095238095238095,11.264550264550264
2018-07,DF,ALL,ALL,2,189,166,27870.940000000002,4.338624338624339,5.645502645502646
2017-08,ALL,brinquedos,ALL,2,189,170,22262.0,4.391534391534392,7.195767195767195
ALL,PR,eletronicos,ALL,2,189,168,14219.0,4.031746031746032,8.518518518518519
ALL,SC,automotivo,ALL,2,188,164,34498.74,4.00531914893617,10.47340425531915
2017-06,PR,ALL,ALL,2,188,170,26128.47,4.196808510638298,7.7287234042553195
ALL,ALL,eletrodomesticos_2,credit_card,2,187,182,112245.07999999999,4.106951871657754,9.090909090909092
ALL,ALL,telefonia_fixa,credit_card,2,187,162,45407.84,3.7754010695187166,8.37433155080214
2017-11,DF,ALL,ALL,2,187,162,33053.33,3.6684491978609626,11.481283422459892
ALL,BA,ferramentas_jardim,ALL,2,187,145,30770.74,3.839572192513369,16.28342245989305
2017-11,GO,ALL,ALL,2,187,156,26046.27,3.9572192513368982,13.315508021390375
2018-03,GO,ALL,ALL,2,187,146,24620.620000000003,3.4224598930481283,13.989304812834225
2017-03,ALL,ferramentas_jardim,ALL,2,186,121,32914.71,3.9193548387096775,8.5
2017-02,ALL,beleza_saude,ALL,2,185,155,30139.06,4.102702702702703,8.0
ALL,SC,ferramentas_jardim,ALL,2,185,145,28237.039999999997,4.129729729729729,12.340540540540541
2018-06,ALL,pet_shop,ALL,2,185,151,25204.690000000002,4.4,5.313513513513514
2018-08,BA,ALL,ALL,2,184,164,28200.6,4.173913043478261,8.581521739130435
2018-02,GO,ALL,ALL,2,184,149,22190.43,3.766304347826087,15.717391304347826
ALL,MG,unknown,ALL,2,184,172,21640.42,4.141304347826087,7.614130434782608
2017-08,SC,ALL,ALL,2,183,158,26497.590000000004,4.1530054644808745,9.169398907103826
2017-02,ALL,cama_mesa_banho,ALL,2,183,146,21948.950000000004,4.202185792349726,8.792349726775956
2017-09,SC,ALL,ALL,2,181,155,31476.39,4.088397790055248,10.121546961325967
2017-09,ALL,bebes,ALL,2,181,165,29814.08,4.060773480662983,7.8121546961325965
ALL,ALL,construcao_ferramentas_construcao,boleto,2,181,146,26199.97,3.9337016574585637,8.917127071823204
2017-05,SC,ALL,ALL,2,180,150,27696.32,4.061111111111111,11.027777777777779
ALL,ES,esporte_lazer,ALL,2,180,157,24604.1,4.144444444444445,12.2
ALL,SC,telefonia,ALL,2,180,165,16471.46,3.7666666666666666,12.294444444444444
2017-09,ALL,telefonia,ALL,2,178,164,21802.879999999997,4.325842696629214,8.612359550561798
2018-04,ALL,perfumaria,ALL,2,178,160,20642.879999999997,4.196629213483146,6.320224719101123
2017-09,ALL,perfumaria,ALL,2,178,142,18900.65,3.9887640449438204,7.926966292134831
2017-07,ALL,relogios_presentes,ALL,2,177,157,40418.56,4.016949152542373,8.350282485875706
ALL,PE,relogios_presentes,ALL,2,177,147,37268.75,3.824858757062147,14.022598870056497
2018-05,ALL,cool_stuff,ALL,2,177,169,34031.73,4.141242937853107,8.63276836158192
2018-02,ALL,bebes,ALL,2,177,169,29614.02,3.7175141242937855,14.372881355932204
2017-08,ALL,automotivo,ALL,2,177,133,26758.480000000003,4.271186440677966,7.214689265536723
2018-06,ALL,papelaria,ALL,2,177,145,17337.03,4.4124293785310735,5.423728813559322
2017-03,ALL,telefonia,ALL,2,177,159,11008.539999999999,3.8192090395480225,8.587570621468927
ALL,GO,esporte_lazer,ALL,2,176,151,24763.079999999998,4.1477272727272725,12.943181818181818
ALL,CE,beleza_saude,ALL,2,175,156,40283.06,3.8685714285714288,18.422857142857143
2017-03,ALL,informatica_acessorios,ALL,2,175,150,31930.929999999997,3.862857142857143,8.98857142857143
2017-07,BA,ALL,ALL,2,175,151,24233.79,4.08,13.90857142857143
ALL,BA,utilidades_domesticas,ALL,2,175,143,23529.120000000003,3.994285714285714,13.285714285714286
2018-04,DF,ALL,ALL,2,175,148,22694.54,4.211428571428572,7.897142857142857
2018-01,GO,ALL,ALL,2,175,146,20775.18,3.96,12.2
2018-02,ALL,papelaria,ALL,2,175,144,15122.519999999999,3.6,12.44
ALL,ALL,pcs,credit_card,2,174,152,202216.30000000002,4.2011494252873565,9.304597701149426
2018-04,ALL,pet_shop,ALL,2,174,153,22746.199999999997,4.149425287356322,7.649425287356322
ALL,ALL,bebes,voucher,2,172,113,23744.15,4.005813953488372,10.994186046511627
2018-08,ALL,papelaria,ALL,2,172,159,19664.390000000003,4.5813953488372094,5.104651162790698
2017-06,ALL,perfumaria,ALL,2,171,146,28449.0,3.9649122807017543,10.456140350877194
2018-03,DF,ALL,ALL,2,171,150,25240.519999999997,3.6666666666666665,12.146198830409357
ALL,DF,informatica_acessorios,ALL,2,170,136,29053.95,3.5294117647058822,8.988235294117647
2018-08,ALL,construcao_ferramentas_construcao,ALL,2,170,124,26498.18,4.182352941176471,4.9411764705882355
ALL,PR,bebes,ALL,2,170,152,26285.64,4.182352941176471,7.8882352941176475
2018-08,ALL,brinquedos,ALL,2,170,155,21074.269999999997,4.147058823529412,4.364705882352941
2018-02,ES,ALL,ALL,2,170,151,20596.38,3.911764705882353,14.941176470588236
ALL,ALL,fashion_bolsas_e_acessorios,voucher,2,170,132,14362.96,4.011764705882353,10.011764705882353
2017-06,ALL,telefonia,ALL,2,170,151,11823.36,4.129411764705883,7.823529411764706
2018-05,DF,ALL,ALL,2,169,144,30119.91,4.183431952662722,8.751479289940828
2018-01,ALL,brinquedos,ALL,2,169,158,25726.379999999997,4.0828402366863905,9.319526627218934
2018-06,DF,ALL,ALL,2,169,150,24425.33,4.218934911242603,6.230769230769231
2018-03,ALL,papelaria,ALL,2,169,146,16615.07,3.7633136094674557,12.834319526627219
ALL,RS,eletronicos,ALL,2,169,157,11999.54,4.071005917159764,11.112426035502958
ALL,MG,moveis_escritorio,ALL,2,168,134,36027.89,3.5476190476190474,8.511904761904763
ALL,SC,cool_stuff,ALL,2,168,148,33677.32,3.8511904761904763,11.160714285714286
2018-05,GO,ALL,ALL,2,168,138,29048.600000000002,3.892857142857143,10.595238095238095
ALL,ES,beleza_saude,ALL,2,168,153,24035.260000000002,4.053571428571429,11.773809523809524
2017-02,ALL,esporte_lazer,ALL,2,167,139,20501.39,4.167664670658683,8.071856287425149
ALL,ALL,malas_acessorios,boleto,2,166,158,24949.21,4.445783132530121,7.530120481927711
2018-07,ALL,pet_shop,ALL,2,166,140,24038.17,4.379518072289157,4.897590361445783
2017-11,ALL,papelaria,ALL,2,166,152,20139.56,4.325301204819277,10.795180722891565
ALL,SC,ALL,voucher,2,165,122,22949.309999999998,4.078787878787879,10.406060606060606
2018-07,ALL,brinquedos,ALL,2,165,150,21352.410000000003,4.290909090909091,5.509090909090909
2018-01,ES,ALL,ALL,2,164,146,24240.7,4.237804878048781,11.926829268292684
2017-03,RS,ALL,ALL,2,164,148,23797.190000000002,4.048780487804878,10.402439024390244
2018-04,ALL,papelaria,ALL,2,164,131,15447.900000000001,4.237804878048781,7.128048780487805
ALL,BA,automotivo,ALL,2,163,148,35466.33,3.6319018404907975,16.993865030674847
2018-08,DF,ALL,ALL,2,163,144,23796.65,4.085889570552148,6.306748466257669
2018-05,ES,ALL,ALL,2,163,134,23160.78,4.042944785276074,11.932515337423313
2017-05,BA,ALL,ALL,2,162,125,21345.09,3.8950617283950617,12.771604938271604
2018-04,ES,ALL,ALL,2,162,142,20456.760000000002,3.9444444444444446,13.58641975308642
ALL,DF,utilidades_domesticas,ALL,2,162,123,16778.42,4.1234567901234565,6.981481481481482
2018-07,ALL,eletronicos,ALL,2,162,145,14624.11,4.104938271604938,5.111111111111111
ALL,BA,cool_stuff,ALL,2,161,139,31522.61,3.981366459627329,15.472049689440993
ALL,RS,perfumaria,ALL,2,161,146,23824.36,4.37888198757764,11.397515527950311
2017-12,DF,ALL,ALL,2,161,131,21298.1,4.15527950310559,10.509316770186336
2017-03,PR,ALL,ALL,2,161,125,20183.339999999997,4.173913043478261,8.701863354037267
2017-04,RS,ALL,ALL,2,160,139,22754.86,3.9,9.425
2017-07,ALL,telefonia,ALL,2,160,136,12409.970000000001,4.1625,7.3
ALL,GO,relogios_presentes,ALL,2,159,143,41243.17,4.2075471698113205,12.352201257861635
2017-10,ALL,automotivo,ALL,2,159,132,25812.079999999998,4.037735849056604,8.49056603773585
2017-06,ALL,brinquedos,ALL,2,159,152,18373.600000000002,4.314465408805032,8.39622641509434
2018-01,DF,ALL,ALL,2,158,138,21022.64,3.8734177215189876,9.018987341772151
ALL,ES,informatica_acessorios,ALL,2,158,139,18836.07,4.037974683544304,12.30379746835443
ALL,RS,papelaria,ALL,2,158,137,16568.329999999998,4.189873417721519,12.240506329113924
ALL,ALL,beleza_saude,debit_card,2,157,146,20486.309999999998,4.32484076433121,6.910828025477707
2018-02,ALL,brinquedos,ALL,2,157,137,18734.020000000004,3.7579617834394905,11.573248407643312
ALL,DF,moveis_decoracao,ALL,2,157,109,15661.560000000001,3.910828025477707,9.35031847133758
ALL,PR,perfumaria,ALL,2,156,138,18522.379999999997,4.391025641025641,8.557692307692308
2018-04,GO,ALL,ALL,2,155,134,27114.14,4.15483870967742,12.35483870967742
2017-11,PE,ALL,ALL,2,155,126,25055.22,3.6451612903225805,14.361290322580645
ALL,RJ,consoles_games,ALL,2,155,131,21755.93,4.019354838709678,10.851612903225806
ALL,DF,relogios_presentes,ALL,2,154,143,36645.1,4.0519480519480515,9.597402597402597
ALL,ES,relogios_presentes,ALL,2,154,145,32288.519999999997,4.0064935064935066,12.25974025974026
ALL,MG,ALL,debit_card,2,154,139,22564.75,4.240259740259741,7.402597402597403
ALL,PE,esporte_lazer,ALL,2,153,135,25747.39,3.8823529411764706,13.77124183006536
2018-03,ES,ALL,ALL,2,153,134,21652.33,3.3529411764705883,18.333333333333332
2017-12,ALL,unknown,ALL,2,153,137,18706.069999999996,3.5098039215686274,9.568627450980392
ALL,ALL,artes,credit_card,2,153,147,15447.08,3.915032679738562,7.065359477124183
ALL,ALL,instrumentos_musicais,boleto,2,152,136,36628.22,4.144736842105263,9.046052631578947
ALL,CE,relogios_presentes,ALL,2,152,129,35107.25,4.092105263157895,17.263157894736842
2017-05,ALL,ferramentas_jardim,ALL,2,151,124,25653.16,4.231788079470198,9.357615894039736
ALL,SP,audio,ALL,2,151,139,19703.809999999998,4.052980132450331,4.887417218543046
2017-04,ALL,ferramentas_jardim,ALL,2,150,99,36633.69,3.3666666666666667,10.36
2017-12,ALL,bebes,ALL,2,150,139,23419.670000000006,3.7066666666666666,12.706666666666667
2017-05,ALL,perfumaria,ALL,2,150,134,23417.95,4.18,7.613333333333333
ALL,SP,construcao_ferramentas_iluminacao,ALL,2,150,110,22351.069999999992,4.1466666666666665,3.0
2017-12,ALL,fashion_bolsas_e_acessorios,ALL,2,150,124,13454.649999999998,4.026666666666666,9.206666666666667
2017-04,ALL,telefonia,ALL,2,149,141,9973.21,4.221476510067114,10.825503355704697
2018-07,GO,ALL,ALL,2,148,115,29873.42,4.135135135135135,8.547297297297296
2017-06,SC,ALL,ALL,2,148,115,18150.43,3.972972972972973,10.574324324324325
ALL,ALL,eletrodomesticos,boleto,2,148,136,17231.47,4.243243243243243,9.033783783783784
ALL,ALL,informatica_acessorios,debit_card,2,148,138,15486.39,3.9594594594594597,7.4324324324324325
2018-05,ALL,pet_shop,ALL,2,148,127,14835.03,4.22972972972973,6.837837837837838
2018-07,PE,ALL,ALL,2,147,137,30856.619999999995,4.197278911564626,9.97278911564626
2018-08,ALL,ferramentas_jardim,ALL,2,147,122,22392.5,4.197278911564626,5.666666666666667
ALL,ES,moveis_decoracao,ALL,2,147,114,16540.86,3.9047619047619047,11.238095238095237
ALL,SP,moveis_cozinha_area_de_servico_jantar_e_jardim,ALL,2,146,124,29667.71,3.9383561643835616,5.321917808219178
2018-01,ALL,moveis_escritorio,ALL,2,146,106,25914.729999999996,3.191780821917808,15.63013698630137
ALL,ALL,agro_industria_e_comercio,credit_card,2,145,125,54963.32,4.075862068965518,7.793103448275862
ALL,ALL,construcao_ferramentas_seguranca,credit_card,2,145,125,34466.34999999999,3.8137931034482757,7.255172413793104
2018-06,ES,ALL,ALL,2,145,124,22960.0,3.924137931034483,10.565517241379311
ALL,ALL,cama_mesa_banho,debit_card,2,145,120,17063.510000000002,4.144827586206897,7.544827586206897
2017-11,ALL,consoles_games,ALL,2,143,129,15777.320000000002,3.993006993006993,10.188811188811188
2018-03,ALL,fashion_bolsas_e_acessorios,ALL,2,143,131,13021.810000000001,3.8531468531468533,12.622377622377622
2017-05,ALL,relogios_presentes,ALL,2,142,126,43188.649999999994,4.23943661971831,7.514084507042254
2018-07,ES,ALL,ALL,2,142,123,34315.3,4.21830985915493,8.30281690140845
2018-02,PE,ALL,ALL,2,142,125,21377.8,4.077464788732394,16.591549295774648
2017-12,GO,ALL,ALL,2,141,127,19010.260000000002,3.9290780141843973,14.22695035460993
ALL,SP,alimentos_bebidas,ALL,2,141,111,8854.689999999999,4.468085106382978,5.00709219858156
2018-04,ALL,moveis_escritorio,ALL,2,140,88,27901.9,3.5785714285714287,7.621428571428571
2017-06,BA,ALL,ALL,2,140,105,26896.38,3.742857142857143,14.621428571428572
ALL,SP,climatizacao,ALL,2,140,117,25817.660000000003,4.007142857142857,5.771428571428571
2017-04,ALL,informatica_acessorios,ALL,2,140,120,23514.35,3.835714285714286,11.892857142857142
2017-10,ALL,bebes,ALL,2,140,134,19795.03,4.35,8.107142857142858
2017-08,ALL,telefonia,ALL,2,140,131,13350.06,4.078571428571428,8.464285714285714
ALL,MG,consoles_games,ALL,2,139,122,22979.32,4.338129496402877,8.035971223021583
2018-03,ALL,unknown,ALL,2,139,127,20302.940000000002,3.870503597122302,11.776978417266188
2017-07,ALL,bebes,ALL,2,139,124,19688.3,4.39568345323741,6.482014388489208
2017-01,MG,ALL,ALL,2,138,106,19242.0,4.355072463768116,7.260869565217392
2018-04,PE,ALL,ALL,2,137,114,23319.8,3.627737226277372,17.277372262773724
ALL,AM,ALL,credit_card,2,137,123,23265.609999999997,4.109489051094891,22.21167883211679
2017-01,RJ,ALL,ALL,2,137,96,17742.45,4.0,11.978102189781023
2018-01,ALL,malas_acessorios,ALL,2,136,123,23643.449999999997,4.154411764705882,7.882352941176471
2017-10,GO,ALL,ALL,2,136,107,21048.4,4.3161764705882355,10.132352941176471
2017-08,GO,ALL,ALL,2,136,92,19131.97,4.272058823529412,8.933823529411764
ALL,PR,papelaria,ALL,2,136,121,14756.359999999999,4.382352941176471,8.602941176470589
ALL,ALL,papelaria,voucher,2,136,86,11789.560000000001,3.8970588235294117,8.088235294117647
2017-03,ALL,cool_stuff,ALL,2,135,121,24910.379999999997,4.42962962962963,9.851851851851851
2017-05,ALL,automotivo,ALL,2,135,106,23051.37,4.037037037037037,8.385185185185184
ALL,GO,utilidades_domesticas,ALL,2,135,101,18994.23,3.8814814814814813,10.088888888888889
ALL,PE,telefonia,ALL,2,135,122,14250.68,4.266666666666667,15.051851851851852
2017-08,ALL,bebes,ALL,2,134,125,23312.630000000005,4.246268656716418,7.3059701492537314
2018-05,ALL,papelaria,ALL,2,134,124,15817.45,4.388059701492537,8.791044776119403
2017-07,ALL,perfumaria,ALL,2,134,119,15515.66,4.126865671641791,9.656716417910447
2017-08,ALL,perfumaria,ALL,2,134,118,15508.54,4.425373134328358,7.611940298507463
2017-09,ALL,fashion_bolsas_e_acessorios,ALL,2,134,103,14545.36,4.156716417910448,7.492537313432836
2017-07,ALL,moveis_escritorio,ALL,2,133,97,25260.14,4.030075187969925,7.338345864661654
2017-02,PR,ALL,ALL,2,133,112,21778.54,4.030075187969925,8.586466165413533
2018-08,GO,ALL,ALL,2,133,118,21387.76,4.315789473684211,7.834586466165414
2017-11,ALL,unknown,ALL,2,133,115,17074.5,3.744360902255639,9.323308270676693
2018-01,ALL,fashion_bolsas_e_acessorios,ALL,2,132,116,10457.77,4.446969696969697,8.734848484848484
2017-04,PR,ALL,ALL,2,131,114,19009.02,4.068702290076335,9.312977099236642
ALL,ALL,sinalizacao_e_seguranca,credit_card,2,131,94,17596.629999999997,4.213740458015267,6.908396946564886
2018-03,ALL,pet_shop,ALL,2,131,110,17003.92,3.7099236641221376,11.748091603053435
2017-04,SC,ALL,ALL,2,131,105,15441.509999999998,4.068702290076335,12.145038167938932
ALL,GO,telefonia,ALL,2,131,115,8562.0,4.106870229007634,11.183206106870228
2017-06,ALL,relogios_presentes,ALL,2,130,118,32668.49,4.130769230769231,7.4
2017-04,ALL,cool_stuff,ALL,2,130,119,26093.800000000003,4.046153846153846,11.023076923076923
ALL,BA,brinquedos,ALL,2,130,116,19501.03,4.076923076923077,16.584615384615386
ALL,GO,moveis_decoracao,ALL,2,130,104,15955.91,3.6923076923076925,11.561538461538461
ALL,ALL,livros_interesse_geral,boleto,2,130,120,12497.65,4.376923076923077,7.676923076923077
2018-08,ALL,fashion_bolsas_e_acessorios,ALL,2,130,122,10207.720000000001,4.123076923076923,4.9
ALL,SP,industria_comercio_e_negocios,ALL,2,129,115,21520.62,4.217054263565892,3.9689922480620154
ALL,RJ,malas_acessorios,ALL,2,129,117,19280.879999999997,4.2015503875969,10.131782945736434
ALL,ALL,eletroportateis,boleto,2,128,121,38457.979999999996,4.25,7.84375
ALL,GO,ALL,voucher,2,128,74,19080.649999999998,3.7421875,10.96875
ALL,SC,perfumaria,ALL,2,128,108,16680.36,4.078125,11.671875
2017-11,CE,ALL,ALL,2,127,108,24732.760000000002,3.37007874015748,18.826771653543307
ALL,ALL,esporte_lazer,debit_card,2,127,118,18569.210000000003,4.291338582677166,6.803149606299213
2016-10,SP,ALL,ALL,2,127,109,17118.980000000003,3.62992125984252,4.6299212598425195
ALL,SC,eletronicos,ALL,2,127,114,10806.720000000001,4.031496062992126,11.007874015748031
2018-08,ALL,cool_stuff,ALL,2,126,120,19373.140000000003,3.992063492063492,5.0
ALL,GO,informatica_acessorios,ALL,2,126,111,16925.4,4.007936507936508,11.976190476190476
2018-02,ALL,unknown,ALL,2,126,110,15506.429999999998,4.0,10.952380952380953
2018-07,ALL,cool_stuff,ALL,2,125,118,34648.29,4.2,6.016
ALL,RJ,construcao_ferramentas_construcao,ALL,2,125,105,24592.17,3.4,11.84
2018-05,ALL,construcao_ferramentas_construcao,ALL,2,125,89,23580.339999999997,4.112,8.32
2017-09,GO,ALL,ALL,2,125,88,21302.269999999997,3.88,9.392
2017-07,ALL,automotivo,ALL,2,124,106,16765.68,4.17741935483871,8.008064516129032
2017-10,ES,ALL,ALL,2,124,100,14217.33,4.088709677419355,10.411290322580646
ALL,RJ,moveis_sala,ALL,2,123,96,22011.810000000005,3.821138211382114,9.666666666666666
2017-05,ALL,fashion_bolsas_e_acessorios,ALL,2,123,97,10574.710000000003,4.048780487804878,9.325203252032521
ALL,PR,fashion_bolsas_e_acessorios,ALL,2,123,107,10074.56,4.195121951219512,8.34959349593496
ALL,MG,construcao_ferramentas_construcao,ALL,2,122,99,20671.94,4.073770491803279,8.39344262295082
ALL,SC,brinquedos,ALL,2,122,115,18419.53,4.377049180327869,9.426229508196721
2017-09,DF,ALL,ALL,2,122,96,16644.15,3.9262295081967213,9.008196721311476
2017-12,ES,ALL,ALL,2,122,111,15370.160000000002,4.147540983606557,15.59016393442623
2017-02,ALL,ALL,voucher,2,122,67,14666.819999999998,4.10655737704918,10.87704918032787
2018-05,ALL,fashion_bolsas_e_acessorios,ALL,2,122,105,14546.82,4.5,7.311475409836065
2017-03,SC,ALL,ALL,2,121,108,20681.200000000004,3.9421487603305785,13.84297520661157
ALL,GO,ferramentas_jardim,ALL,2,121,76,18929.71,4.214876033057851,12.140495867768594
2018-08,ALL,eletronicos,ALL,2,121,115,13165.22,4.132231404958677,5.487603305785124
2017-12,PE,ALL,ALL,2,120,103,19857.91,3.933333333333333,16.333333333333332
2017-06,ALL,ferramentas_jardim,ALL,2,120,102,19436.010000000002,4.241666666666666,8.375
ALL,SP,telefonia_fixa,ALL,2,120,97,17683.18,3.85,5.408333333333333
ALL,ALL,unknown,voucher,2,120,63,16740.0,3.8333333333333335,7.958333333333333
2018-01,ALL,ALL,debit_card,2,120,109,11587.63,4.291666666666667,8.55
ALL,SP,market_place,ALL,2,120,105,11548.95,3.9583333333333335,4.1
2018-08,ALL,alimentos,ALL,2,120,103,9960.02,4.491666666666666,3.591666666666667
ALL,ALL,artigos_de_natal,credit_card,2,120,98,9222.359999999999,4.166666666666667,12.091666666666667
2018-03,PE,ALL,ALL,2,119,108,27521.949999999997,3.8151260504201683,17.361344537815125
2018-03,CE,ALL,ALL,2,119,98,22931.74,3.0588235294117645,23.92436974789916
2018-06,GO,ALL,ALL,2,119,105,18017.170000000002,4.07563025210084,8.941176470588236
2017-05,ES,ALL,ALL,2,119,93,17068.789999999997,4.436974789915967,8.84873949579832
ALL,SP,agro_industria_e_comercio,ALL,2,118,85,37965.10999999999,4.330508474576271,4.661016949152542
2017-06,ALL,automotivo,ALL,2,118,103,34312.69,3.9322033898305087,8.491525423728813
2018-07,ALL,construcao_ferramentas_construcao,ALL,2,118,98,17972.15000000001,4.3474576271186445,5.245762711864407
ALL,ES,utilidades_domesticas,ALL,2,118,103,15240.349999999999,4.203389830508475,11.788135593220339
2017-02,RS,ALL,ALL,2,117,104,18479.519999999997,4.076923076923077,10.162393162393162
2018-05,PE,ALL,ALL,2,117,106,17485.649999999998,3.9401709401709404,14.598290598290598
ALL,ES,telefonia,ALL,2,117,104,11311.44,3.8290598290598292,10.64102564102564
2018-06,ALL,construcao_ferramentas_construcao,ALL,2,116,108,25878.480000000003,4.206896551724138,6.137931034482759
2018-04,ALL,eletrodomesticos,ALL,2,116,106,20045.319999999996,4.120689655172414,7.637931034482759
2017-04,ALL,brinquedos,ALL,2,116,103,15403.740000000003,4.25,11.21551724137931
ALL,SC,bebes,ALL,2,115,97,20027.970000000005,4.086956521739131,10.4
2018-08,ES,ALL,ALL,2,115,105,19611.690000000002,4.104347826086957,6.965217391304348
2018-01,PE,ALL,ALL,2,115,104,18726.13,3.991304347826087,13.834782608695653
2017-10,DF,ALL,ALL,2,115,96,15558.91,3.8869565217391306,8.747826086956522
ALL,ES,ALL,voucher,2,115,81,11175.27,3.8956521739130436,12.834782608695653
ALL,SP,livros_tecnicos,ALL,2,115,110,8875.96,4.469565217391304,5.156521739130435
2017-02,ALL,telefonia,ALL,2,115,100,8870.18,4.026086956521739,10.321739130434782
ALL,PB,ALL,boleto,2,114,93,26424.870000000003,3.991228070175439,16.912280701754387
ALL,ALL,utilidades_domesticas,debit_card,2,114,102,15314.99,4.2105263157894735,6.12280701754386
2017-05,ALL,bebes,ALL,2,114,102,12404.92,4.166666666666667,7.5964912280701755
2018-04,ALL,ALL,debit_card,2,114,97,10885.35,4.254385964912281,6.991228070175438
2017-10,ALL,fashion_bolsas_e_acessorios,ALL,2,114,95,9793.140000000001,4.043859649122807,5.833333333333333
2017-04,ALL,perfumaria,ALL,2,113,101,23238.77,4.053097345132743,10.938053097345133
2018-02,ALL,moveis_escritorio,ALL,2,113,72,23009.760000000002,3.079646017699115,15.539823008849558
ALL,DF,automotivo,ALL,2,113,104,20197.870000000003,4.070796460176991,8.91150442477876
2018-01,CE,ALL,ALL,2,113,90,17839.31,3.584070796460177,17.805309734513273
ALL,PE,informatica_acessorios,ALL,2,113,100,16813.39,4.061946902654867,13.486725663716815
ALL,GO,perfumaria,ALL,2,113,85,14744.52,3.911504424778761,10.893805309734514
2018-04,ALL,fashion_bolsas_e_acessorios,ALL,2,113,96,11886.09,4.265486725663717,7.061946902654867
2017-03,BA,ALL,ALL,2,112,91,19375.989999999998,3.919642857142857,15.8125
2017-10,ALL,consoles_games,ALL,2,112,101,12461.55,4.008928571428571,7.723214285714286
2017-04,BA,ALL,ALL,2,111,92,22014.269999999997,3.891891891891892,20.46846846846847
2018-04,CE,ALL,ALL,2,111,100,21394.09,3.5135135135135136,21.234234234234233
2017-09,ALL,automotivo,ALL,2,111,97,17085.899999999998,4.099099099099099,8.36036036036036
ALL,ALL,casa_construcao,boleto,2,111,84,15257.580000000002,3.981981981981982,8.342342342342342
2018-02,ALL,fashion_bolsas_e_acessorios,ALL,2,111,102,11889.14,4.063063063063063,10.603603603603604
ALL,PA,beleza_saude,ALL,2,110,101,28315.540000000008,3.9,19.881818181818183
ALL,PI,ALL,boleto,2,110,94,17424.15,4.0181818181818185,13.6
2017-08,ES,ALL,ALL,2,110,95,16028.720000000003,4.072727272727272,8.99090909090909
ALL,BA,eletronicos,ALL,2,110,98,9130.880000000001,4.0,15.527272727272727
2018-07,CE,ALL,ALL,2,109,87,19983.219999999994,4.284403669724771,10.110091743119266
2017-09,ES,ALL,ALL,2,109,93,13488.91,3.9174311926605503,8.862385321100918
2017-03,ALL,perfumaria,ALL,2,108,104,21713.76,4.175925925925926,7.907407407407407
ALL,ES,ferramentas_jardim,ALL,2,108,85,13842.32,4.148148148148148,10.805555555555555
2017-10,ALL,papelaria,ALL,2,108,93,11008.529999999997,3.824074074074074,7.722222222222222
2018-05,ALL,moveis_escritorio,ALL,2,107,83,25767.519999999997,3.8878504672897196,8.69158878504673
2017-08,ALL,fashion_bolsas_e_acessorios,ALL,2,107,89,8858.439999999999,4.308411214953271,5.607476635514018
2017-04,ALL,relogios_presentes,ALL,2,106,90,27373.67,3.990566037735849,9.528301886792454
ALL,BA,bebes,ALL,2,106,95,18968.5,3.7547169811320753,15.90566037735849
ALL,SP,artes,ALL,2,106,94,16794.64,3.7169811320754715,3.650943396226415
2017-11,ALL,pet_shop,ALL,2,106,84,14541.55,4.273584905660377,9.273584905660377
2017-02,ALL,informatica_acessorios,ALL,2,106,97,13744.35,3.943396226415094,8.764150943396226
2017-07,ALL,eletronicos,ALL,2,106,87,11223.76,4.19811320754717,7.764150943396227
ALL,ALL,alimentos,boleto,2,106,99,6790.530000000001,4.160377358490566,7.4245283018867925
2018-06,PE,ALL,ALL,2,105,94,19283.260000000002,4.447619047619048,9.428571428571429
ALL,CE,informatica_acessorios,ALL,2,105,85,17623.66,3.6476190476190475,16.438095238095237
2017-11,ALL,moveis_escritorio,ALL,2,104,76,23262.140000000003,2.894230769230769,11.288461538461538
2018-06,ALL,cool_stuff,ALL,2,104,100,22273.229999999996,4.288461538461538,9.346153846153847
2017-03,ALL,brinquedos,ALL,2,104,100,14405.45,4.413461538461538,9.317307692307692
2018-02,CE,ALL,ALL,2,104,88,14234.13,2.875,25.692307692307693
ALL,PE,moveis_decoracao,ALL,2,104,73,12931.099999999999,3.5576923076923075,15.375
ALL,ALL,fashion_roupa_masculina,credit_card,2,104,89,10893.42,3.605769230769231,8.0
2017-10,ALL,moveis_escritorio,ALL,2,103,69,22179.88,3.2233009708737863,8.019417475728156
2017-09,ALL,moveis_escritorio,ALL,2,103,37,15953.740000000002,4.300970873786408,10.485436893203884
2017-05,ALL,unknown,ALL,2,103,86,13197.359999999999,4.087378640776699,7.029126213592233
2018-02,ALL,pet_shop,ALL,2,103,89,11863.86,3.9902912621359223,10.242718446601941
ALL,PE,ALL,voucher,2,103,72,11718.739999999998,4.038834951456311,15.815533980582524
ALL,SP,eletrodomesticos_2,ALL,2,102,88,39634.759999999995,4.235294117647059,6.176470588235294
ALL,GO,cool_stuff,ALL,2,102,86,26134.509999999995,4.078431372549019,9.490196078431373
2017-05,GO,ALL,ALL,2,102,86,20329.79,4.0588235294117645,12.862745098039216
2017-08,DF,ALL,ALL,2,102,86,12022.26,4.166666666666667,7.735294117647059
ALL,ALL,pet_shop,voucher,2,102,66,10352.06,4.401960784313726,6.519607843137255
ALL,CE,telefonia,ALL,2,102,95,9950.100000000002,3.676470588235294,15.901960784313726
ALL,ALL,moveis_decoracao,debit_card,2,102,77,8633.080000000002,4.137254901960785,6.431372549019608
ALL,RS,pet_shop,ALL,2,101,84,14761.219999999998,4.316831683168317,10.306930693069306
ALL,DF,brinquedos,ALL,2,101,91,14705.619999999999,3.9702970297029703,8.475247524752476
ALL,ES,brinquedos,ALL,2,101,93,13091.039999999997,4.178217821782178,9.990099009900991
ALL,RS,unknown,ALL,2,101,84,10617.099999999999,3.712871287128713,10.089108910891088
ALL,ALL,fashion_underwear_e_moda_praia,credit_card,2,101,92,9731.210000000001,3.9603960396039604,9.07920792079208
ALL,DF,telefonia,ALL,2,101,85,8416.71,4.128712871287129,8.633663366336634
2017-08,PE,ALL,ALL,2,100,85,16109.460000000001,3.88,17.3
ALL,GO,automotivo,ALL,2,100,75,13654.09,4.21,9.17
ALL,SP,construcao_ferramentas_jardim,ALL,2,100,80,9250.429999999998,4.34,5.92
2018-01,MT,ALL,ALL,2,99,85,14873.400000000001,4.05050505050505,15.06060606060606
2017-07,DF,ALL,ALL,2,99,75,12934.890000000001,4.191919191919192,7.828282828282828
ALL,ALL,eletronicos,voucher,2,99,61,8370.929999999998,4.121212121212121,9.535353535353535
2017-09,CE,ALL,ALL,2,98,77,20019.459999999995,3.857142857142857,10.86734693877551
2017-09,PE,ALL,ALL,2,98,76,18627.37,4.051020408163265,12.357142857142858
2017-12,ALL,consoles_games,ALL,2,98,88,10972.609999999999,4.173469387755102,10.571428571428571
2017-07,ES,ALL,ALL,2,98,82,9250.849999999999,3.9489795918367347,11.061224489795919
ALL,RJ,eletroportateis,ALL,2,97,85,33948.42,4.288659793814433,10.824742268041238
2018-06,CE,ALL,ALL,2,97,74,23047.059999999998,4.319587628865979,11.1340206185567
2017-04,ALL,automotivo,ALL,2,97,81,19334.469999999998,3.865979381443299,10.278350515463918
2018-05,MT,ALL,ALL,2,97,66,15456.789999999999,3.979381443298969,14.206185567010309
ALL,DF,ALL,voucher,2,97,77,11570.809999999998,3.9896907216494846,8.907216494845361
ALL,PE,cama_mesa_banho,ALL,2,96,82,13073.0,3.9270833333333335,15.84375
ALL,SC,papelaria,ALL,2,96,83,11246.029999999999,4.197916666666667,12.197916666666666
ALL,SP,fashion_calcados,ALL,2,96,84,8902.64,4.21875,5.708333333333333
ALL,MG,eletrodomesticos,ALL,2,96,85,8045.030000000001,3.8229166666666665,7.583333333333333
2017-10,PE,ALL,ALL,2,95,80,23535.12,4.347368421052631,12.905263157894737
ALL,BA,moveis_escritorio,ALL,2,95,61,19299.64,3.610526315789474,16.53684210526316
2018-08,PE,ALL,ALL,2,95,85,15995.380000000001,4.168421052631579,9.2
ALL,PA,informatica_acessorios,ALL,2,95,84,15964.56,3.9368421052631577,19.45263157894737
2018-04,ALL,construcao_ferramentas_construcao,ALL,2,95,78,15837.66,4.11578947368421,6.757894736842105
ALL,CE,esporte_lazer,ALL,2,95,89,13822.54,4.010526315789473,16.873684210526317
2018-01,ALL,pet_shop,ALL,2,95,77,13122.64,4.105263157894737,9.926315789473684
2017-07,PE,ALL,ALL,2,95,73,13035.779999999999,3.610526315789474,18.526315789473685
ALL,SP,sinalizacao_e_seguranca,ALL,2,95,65,9682.22,4.178947368421053,4.042105263157895
2017-07,ALL,fashion_bolsas_e_acessorios,ALL,2,95,82,6974.33,4.073684210526316,8.147368421052631
ALL,PR,moveis_escritorio,ALL,2,94,55,20585.46,3.478723404255319,7.904255319148936
ALL,ALL,malas_acessorios,voucher,2,94,61,11566.519999999999,4.095744680851064,9.638297872340425
2017-08,ALL,consoles_games,ALL,2,94,85,11224.46,4.23404255319149,7.191489361702128
ALL,RJ,eletrodomesticos,ALL,2,94,83,11202.440000000002,3.9574468085106385,11.063829787234043
ALL,PR,pet_shop,ALL,2,94,82,10417.149999999998,4.085106382978723,8.361702127659575
2018-06,ALL,fashion_bolsas_e_acessorios,ALL,2,94,82,10070.1,4.51063829787234,6.585106382978723
2017-06,GO,ALL,ALL,2,93,79,12375.51,4.010752688172043,11.741935483870968
ALL,MT,beleza_saude,ALL,2,92,84,18044.100000000002,3.989130434782609,14.206521739130435
ALL,ES,automotivo,ALL,2,92,82,16736.59,3.9565217391304346,12.717391304347826
2017-01,ALL,esporte_lazer,ALL,2,92,62,12724.55,4.108695652173913,9.228260869565217
2017-08,ALL,pet_shop,ALL,2,92,76,12621.34,4.206521739130435,6.076086956521739
2017-06,ES,ALL,ALL,2,92,79,12573.470000000003,4.282608695652174,13.423913043478262
2018-05,ALL,casa_construcao,ALL,2,92,63,12379.089999999997,4.021739130434782,6.369565217391305
ALL,DF,perfumaria,ALL,2,92,82,11776.57,4.130434782608695,9.08695652173913
2017-01,ALL,beleza_saude,ALL,2,91,82,17275.91,4.131868131868132,7.527472527472527
ALL,MA,beleza_saude,ALL,2,91,83,16032.12,3.78021978021978,16.46153846153846
ALL,GO,brinquedos,ALL,2,91,76,10648.26,4.087912087912088,10.956043956043956
ALL,ALL,moveis_escritorio,voucher,2,90,38,14795.34,4.266666666666667,11.133333333333333
ALL,ALL,moveis_sala,boleto,2,90,78,14212.720000000001,4.177777777777778,8.78888888888889
ALL,CE,moveis_decoracao,ALL,2,90,68,12316.929999999998,3.488888888888889,15.977777777777778
2017-07,ALL,pet_shop,ALL,2,90,71,8684.320000000002,3.7333333333333334,7.788888888888889
ALL,RN,ALL,boleto,2,89,80,16470.249999999996,4.179775280898877,17.471910112359552
2017-02,ALL,automotivo,ALL,2,89,77,15450.050000000001,4.280898876404494,11.9438202247191
2017-08,CE,ALL,ALL,2,89,73,13936.630000000001,4.404494382022472,11.325842696629213
2017-11,MT,ALL,ALL,2,89,74,13462.16,3.752808988764045,15.404494382022472
ALL,BA,perfumaria,ALL,2,89,80,12298.57,4.213483146067416,15.303370786516854
ALL,CE,cama_mesa_banho,ALL,2,89,68,9986.060000000001,3.865168539325843,17.10112359550562
2017-03,ALL,automotivo,ALL,2,88,76,16910.38,4.079545454545454,11.329545454545455
2017-12,CE,ALL,ALL,2,88,81,14013.96,4.068181818181818,17.875
2017-06,ALL,fashion_bolsas_e_acessorios,ALL,2,88,77,9085.039999999999,4.125,7.534090909090909
ALL,PE,automotivo,ALL,2,87,82,15304.799999999997,3.8505747126436782,13.057471264367816
2017-07,GO,ALL,ALL,2,87,77,11018.750000000002,4.471264367816092,11.402298850574713
ALL,BA,fashion_bolsas_e_acessorios,ALL,2,87,70,9141.61,3.9885057471264367,14.057471264367816
ALL,PA,esporte_lazer,ALL,2,86,76,15869.730000000003,3.802325581395349,20.96511627906977
ALL,CE,ALL,voucher,2,86,56,14308.849999999999,4.093023255813954,15.0
2017-07,ALL,malas_acessorios,ALL,2,86,73,11653.81,3.941860465116279,11.174418604651162
ALL,SC,pet_shop,ALL,2,86,79,10933.02,4.174418604651163,10.313953488372093
ALL,RS,fashion_bolsas_e_acessorios,ALL,2,86,77,10259.230000000001,4.27906976744186,11.813953488372093
2018-04,PA,ALL,ALL,2,85,71,14880.030000000002,3.376470588235294,25.905882352941177
ALL,MG,instrumentos_musicais,ALL,2,84,71,31820.250000000004,4.285714285714286,9.630952380952381
ALL,RJ,instrumentos_musicais,ALL,2,84,76,25504.7,3.880952380952381,12.30952380952381
ALL,PB,beleza_saude,ALL,2,84,77,20555.47,3.9404761904761907,15.523809523809524
ALL,PE,cool_stuff,ALL,2,84,73,17797.180000000004,4.178571428571429,14.523809523809524
ALL,SE,ALL,boleto,2,84,74,12946.109999999999,4.142857142857143,18.11904761904762
2017-06,DF,ALL,ALL,2,84,70,9836.949999999997,3.857142857142857,10.392857142857142
ALL,ALL,audio,boleto,2,84,79,8939.070000000002,3.7261904761904763,8.642857142857142
2017-07,ALL,papelaria,ALL,2,84,75,8823.65,4.083333333333333,7.309523809523809
2018-07,ALL,eletrodomesticos,ALL,2,84,79,6814.149999999999,4.416666666666667,5.0
2018-07,ALL,moveis_escritorio,ALL,2,83,64,17631.289999999997,3.710843373493976,4.9156626506024095
2017-02,ALL,utilidades_domesticas,ALL,2,83,68,14669.470000000003,3.7710843373493974,9.963855421686747
ALL,DF,cool_stuff,ALL,2,83,79,14489.83,3.927710843373494,10.012048192771084
2018-03,ALL,ALL,debit_card,2,83,78,8375.12,3.7710843373493974,11.759036144578314
ALL,SC,fashion_bolsas_e_acessorios,ALL,2,83,75,7950.880000000001,4.144578313253012,11.265060240963855
ALL,ES,eletronicos,ALL,2,83,73,5630.01,4.072289156626506,11.650602409638553
2017-03,ALL,relogios_presentes,ALL,2,82,76,28202.99,4.158536585365853,10.75609756097561
ALL,MT,ferramentas_jardim,ALL,2,82,37,23186.38,2.841463414634146,12.182926829268293
2018-01,MS,ALL,ALL,2,82,70,13118.66,4.329268292682927,11.170731707317072
ALL,MS,esporte_lazer,ALL,2,82,61,11543.4,4.195121951219512,11.378048780487806
2017-09,ALL,unknown,ALL,2,82,62,8707.130000000001,3.926829268292683,7.951219512195122
2018-02,ALL,ALL,debit_card,2,82,69,7469.54,3.597560975609756,14.926829268292684
2017-11,ALL,ALL,debit_card,2,82,68,6084.06,3.9146341463414633,10.195121951219512
2018-03,PA,ALL,ALL,2,81,73,16491.42,2.419753086419753,32.370370370370374
2017-03,ALL,moveis_escritorio,ALL,2,81,60,14860.2,3.2839506172839505,12.135802469135802
ALL,TO,ALL,boleto,2,81,76,13287.28,4.296296296296297,13.296296296296296
2017-08,ALL,papelaria,ALL,2,81,75,7966.07,4.530864197530864,7.0246913580246915
2017-08,ALL,unknown,ALL,2,81,66,6762.21,4.074074074074074,6.716049382716049
2018-06,ALL,moveis_escritorio,ALL,2,80,60,17210.77,3.65,6.775
2017-05,PE,ALL,ALL,2,80,67,13738.309999999998,4.075,11.4875
ALL,ALL,telefonia,debit_card,2,80,77,11285.32,4.075,7.2
2018-02,MS,ALL,ALL,2,80,64,10331.71,3.775,17.4625
ALL,PR,unknown,ALL,2,80,73,9946.46,4.125,9.075
ALL,ALL,market_place,boleto,2,80,73,9105.73,4.1375,8.025
2018-07,ALL,fashion_bolsas_e_acessorios,ALL,2,80,76,7771.81,4.575,5.1875
ALL,PA,relogios_presentes,ALL,2,79,74,26866.150000000005,4.0886075949367084,17.89873417721519
2017-11,PA,ALL,ALL,2,79,70,14710.82,3.430379746835443,20.645569620253166
ALL,RS,ALL,debit_card,2,79,76,14601.7,4.329113924050633,10.49367088607595
ALL,RJ,casa_construcao,ALL,2,79,51,11364.220000000001,3.9873417721518987,11.987341772151899
2018-04,ALL,unknown,ALL,2,79,74,9763.579999999996,4.0886075949367084,6.974683544303797
2017-06,ALL,bebes,ALL,2,79,72,9315.58,3.6455696202531644,7.6075949367088604
2016-10,ALL,moveis_decoracao,ALL,2,79,51,7971.240000000002,3.810126582278481,6.075949367088608
2018-01,PA,ALL,ALL,2,78,70,17058.48,3.641025641025641,21.397435897435898
ALL,ALL,construcao_ferramentas_ferramentas,credit_card,2,78,74,15858.64,4.487179487179487,8.564102564102564
2017-04,ALL,unknown,ALL,2,78,63,11385.310000000001,4.166666666666667,12.692307692307692
ALL,PA,telefonia,ALL,2,78,70,10133.330000000004,3.4615384615384617,19.884615384615383
2017-05,DF,ALL,ALL,2,78,64,10098.179999999997,4.141025641025641,8.525641025641026
ALL,BA,papelaria,ALL,2,78,76,9110.499999999998,3.871794871794872,17.294871794871796
2017-09,ALL,papelaria,ALL,2,78,71,7597.8099999999995,4.064102564102564,8.653846153846153
ALL,MT,esporte_lazer,ALL,2,77,70,11629.810000000001,3.948051948051948,14.714285714285714
2018-04,ALL,casa_construcao,ALL,2,77,59,10836.019999999997,3.831168831168831,6.402597402597403
ALL,PR,ALL,debit_card,2,77,73,10615.39,4.207792207792208,7.701298701298701
ALL,ALL,alimentos_bebidas,boleto,2,77,55,3922.260000000001,4.116883116883117,9.051948051948052
ALL,ALL,moveis_quarto,credit_card,2,76,66,16774.32,3.9342105263157894,9.039473684210526
ALL,MA,informatica_acessorios,ALL,2,76,65,15294.48,3.4078947368421053,16.092105263157894
2018-03,ALL,eletrodomesticos,ALL,2,76,70,11706.800000000001,3.9078947368421053,10.736842105263158
ALL,ALL,casa_conforto,boleto,2,76,65,11683.42,3.960526315789474,12.394736842105264
2017-02,BA,ALL,ALL,2,76,59,10993.0,4.0,16.513157894736842
2017-10,ALL,pet_shop,ALL,2,76,64,9623.98,3.9078947368421053,7.2105263157894735
2017-12,ALL,pet_shop,ALL,2,76,71,8850.26,4.131578947368421,11.06578947368421
2017-07,ALL,unknown,ALL,2,76,55,5363.630000000001,4.0,6.0394736842105265
2017-10,ALL,unknown,ALL,2,75,63,23097.100000000002,3.8666666666666667,6.493333333333333
2018-05,CE,ALL,ALL,2,75,73,15099.960000000001,4.293333333333333,18.52
2018-02,PA,ALL,ALL,2,75,58,11547.29,3.9066666666666667,27.48
2017-01,ALL,ALL,voucher,2,75,32,11306.33,4.56,9.773333333333333
2017-05,ALL,pet_shop,ALL,2,75,66,10603.34,4.44,8.12
ALL,PE,ferramentas_jardim,ALL,2,75,58,10598.349999999999,4.12,15.16
2017-09,ALL,pet_shop,ALL,2,75,62,10253.75,4.346666666666667,7.1466666666666665
ALL,MT,moveis_decoracao,ALL,2,75,54,8598.500000000002,3.64,14.546666666666667
2017-10,CE,ALL,ALL,2,74,65,15476.310000000001,3.891891891891892,14.824324324324325
2017-02,ALL,cool_stuff,ALL,2,74,69,15329.839999999998,4.337837837837838,9.283783783783784
2017-02,ALL,ferramentas_jardim,ALL,2,74,63,14915.33,3.945945945945946,9.932432432432432
2017-01,RS,ALL,ALL,2,74,53,14386.12,4.256756756756757,8.608108108108109
ALL,PA,moveis_decoracao,ALL,2,74,54,12491.34,3.4594594594594597,18.7027027027027
ALL,MT,informatica_acessorios,ALL,2,74,45,11355.470000000001,3.6486486486486487,16.054054054054053
2017-11,ALL,malas_acessorios,ALL,2,74,65,11129.84,4.243243243243243,8.45945945945946
ALL,BA,unknown,ALL,2,74,46,11073.69,3.675675675675676,13.621621621621621
2017-03,DF,ALL,ALL,2,74,56,9158.660000000002,4.27027027027027,7.95945945945946
ALL,ES,perfumaria,ALL,2,74,60,8307.6,3.4054054054054053,11.121621621621621
ALL,MS,cama_mesa_banho,ALL,2,74,57,7879.78,4.202702702702703,12.716216216216216
2017-05,ALL,malas_acessorios,ALL,2,73,64,16321.33,4.273972602739726,6.945205479452055
2018-04,ALL,eletroportateis,ALL,2,73,61,14383.410000000002,4.410958904109589,7.6438356164383565
ALL,AL,ALL,boleto,2,73,68,13868.560000000001,3.712328767123288,18.28767123287671
ALL,RO,ALL,boleto,2,73,62,13511.759999999998,4.0,17.301369863013697
2018-06,ALL,casa_construcao,ALL,2,73,60,11226.239999999998,4.36986301369863,6.4520547945205475
2018-02,MT,ALL,ALL,2,73,67,9979.710000000001,3.8493150684931505,18.753424657534246
ALL,ALL,construcao_ferramentas_iluminacao,boleto,2,73,51,9566.679999999998,4.205479452054795,4.712328767123288
2017-06,ALL,pet_shop,ALL,2,73,61,7557.8,4.47945205479452,6.493150684931507
2017-03,ALL,fashion_bolsas_e_acessorios,ALL,2,73,62,6422.08,4.383561643835616,8.67123287671233
ALL,ALL,telefonia_fixa,boleto,2,72,49,17309.09,3.4444444444444446,8.23611111111111
ALL,AC,ALL,credit_card,2,72,61,15216.199999999999,4.027777777777778,17.15277777777778
2018-06,MT,ALL,ALL,2,72,58,13248.55,4.0,11.48611111111111
2018-03,ALL,construcao_ferramentas_construcao,ALL,2,72,52,12302.1,3.4027777777777777,10.847222222222221
ALL,ALL,automotivo,debit_card,2,72,70,7985.5,4.152777777777778,7.875
ALL,MT,ALL,voucher,2,71,25,16187.959999999997,2.6619718309859155,12.098591549295774
2016-10,ALL,ALL,boleto,2,71,58,9076.139999999998,3.6056338028169015,6.225352112676056
ALL,MT,cama_mesa_banho,ALL,2,71,56,8821.22,4.197183098591549,14.04225352112676
2018-06,ALL,eletrodomesticos,ALL,2,71,67,8177.580000000001,4.352112676056338,6.71830985915493
2017-05,ALL,papelaria,ALL,2,71,62,7550.859999999999,4.295774647887324,8.253521126760564
2017-01,PR,ALL,ALL,2,71,65,6483.24,4.126760563380282,6.394366197183099
ALL,ALL,eletronicos,debit_card,2,71,65,3721.1,4.154929577464789,9.577464788732394
ALL,RJ,climatizacao,ALL,2,70,60,18207.55,4.071428571428571,8.9
2017-08,PA,ALL,ALL,2,70,58,17798.03,4.1,12.285714285714286
2018-04,MT,ALL,ALL,2,70,65,13994.389999999998,4.442857142857143,14.714285714285714
ALL,ES,cool_stuff,ALL,2,70,63,12998.220000000003,4.442857142857143,12.228571428571428
2018-03,MA,ALL,ALL,2,70,53,11909.3,3.3142857142857145,19.485714285714284
ALL,DF,bebes,ALL,2,70,66,10434.94,3.6857142857142855,9.857142857142858
2018-08,ALL,eletrodomesticos,ALL,2,70,64,8335.69,4.228571428571429,5.957142857142857
2017-05,ALL,eletronicos,ALL,2,70,62,8184.370000000001,3.8142857142857145,7.728571428571429
2017-09,ALL,eletronicos,ALL,2,70,65,6130.79,4.2,9.014285714285714
ALL,SP,construcao_ferramentas_seguranca,ALL,2,69,56,15902.21,4.188405797101449,3.8260869565217392
ALL,RS,moveis_escritorio,ALL,2,69,56,13680.93,3.8405797101449277,13.927536231884059
2017-05,CE,ALL,ALL,2,69,62,13419.030000000002,4.3478260869565215,12.55072463768116
ALL,ALL,climatizacao,boleto,2,69,54,12097.5,4.115942028985507,7.942028985507246
ALL,PE,brinquedos,ALL,2,69,57,11553.600000000004,4.086956521739131,13.130434782608695
2017-09,ALL,consoles_games,ALL,2,69,61,11200.72,4.260869565217392,8.028985507246377
2018-02,ALL,construcao_ferramentas_construcao,ALL,2,69,54,10145.26,3.7971014492753623,12.434782608695652
ALL,ALL,ferramentas_jardim,debit_card,2,69,49,4993.5599999999995,3.869565217391304,10.028985507246377
ALL,SP,pcs,ALL,2,68,50,75238.18,4.294117647058823,6.0588235294117645
ALL,RN,beleza_saude,ALL,2,68,57,19912.500000000004,4.5,13.647058823529411
ALL,AL,beleza_saude,ALL,2,68,63,15903.949999999999,3.6029411764705883,23.38235294117647
ALL,MS,beleza_saude,ALL,2,68,58,14122.2,4.102941176470588,11.558823529411764
2017-02,ALL,brinquedos,ALL,2,68,62,10741.630000000001,4.294117647058823,8.764705882352942
2018-03,MT,ALL,ALL,2,68,55,10684.210000000001,3.514705882352941,18.529411764705884
2018-08,ALL,malas_acessorios,ALL,2,68,64,8573.68,4.294117647058823,4.882352941176471
ALL,MT,telefonia,ALL,2,68,60,4815.54,3.8088235294117645,12.705882352941176
ALL,MG,eletroportateis,ALL,2,67,61,19449.21,3.925373134328358,7.835820895522388
2017-11,MA,ALL,ALL,2,67,55,12941.709999999997,3.0597014925373136,24.417910447761194
ALL,MA,esporte_lazer,ALL,2,67,59,11109.0,3.656716417910448,17.432835820895523
ALL,CE,brinquedos,ALL,2,67,63,10023.76,4.059701492537314,15.611940298507463
ALL,RS,malas_acessorios,ALL,2,67,56,10018.630000000001,3.7313432835820897,12.17910447761194
2018-03,MS,ALL,ALL,2,67,58,9071.270000000002,3.343283582089552,17.119402985074625
2017-03,ALL,unknown,ALL,2,67,57,8375.0,4.0,8.388059701492537
2018-05,ALL,eletrodomesticos,ALL,2,67,63,7576.610000000001,4.074626865671642,7.925373134328358
2017-12,ALL,ALL,debit_card,2,67,63,6951.66,3.985074626865672,9.91044776119403
2018-08,ALL,consoles_games,ALL,2,67,56,6291.339999999999,3.925373134328358,4.656716417910448
ALL,ALL,livros_tecnicos,boleto,2,67,64,5660.089999999999,4.2835820895522385,7.582089552238806
2018-01,MA,ALL,ALL,2,66,57,11422.039999999999,3.787878787878788,15.696969696969697
2017-08,ALL,malas_acessorios,ALL,2,66,58,8773.939999999999,4.424242424242424,8.56060606060606
ALL,MS,moveis_decoracao,ALL,2,66,45,7227.049999999999,3.8333333333333335,10.757575757575758
ALL,MA,telefonia,ALL,2,66,60,6866.049999999999,3.621212121212121,15.43939393939394
ALL,ALL,portateis_casa_forno_e_cafe,credit_card,2,65,64,44506.12999999999,4.3076923076923075,7.046153846153846
2018-07,PA,ALL,ALL,2,65,57,17008.600000000002,4.2153846153846155,11.738461538461538
2017-02,ALL,moveis_escritorio,ALL,2,65,53,15207.119999999999,3.5384615384615383,6.538461538461538
2017-10,MT,ALL,ALL,2,65,50,12999.669999999998,4.276923076923077,12.569230769230769
2018-08,ALL,construcao_ferramentas_iluminacao,ALL,2,65,56,10000.67,3.9076923076923076,4.6461538461538465
2017-02,SC,ALL,ALL,2,65,58,9235.210000000001,3.830769230769231,11.553846153846154
ALL,SC,unknown,ALL,2,65,62,8458.380000000001,3.707692307692308,12.907692307692308
ALL,PE,utilidades_domesticas,ALL,2,65,55,7951.159999999999,4.323076923076923,12.353846153846154
ALL,ALL,tablets_impressao_imagem,credit_card,2,65,62,6917.36,4.107692307692307,9.338461538461539
2017-06,ALL,unknown,ALL,2,65,55,6658.409999999999,3.6769230769230767,6.6923076923076925
ALL,ALL,bebidas,boleto,2,65,51,6294.410000000001,4.276923076923077,8.046153846153846
ALL,SP,fashion_underwear_e_moda_praia,ALL,2,65,54,5031.18,4.3538461538461535,5.138461538461539
ALL,SC,moveis_escritorio,ALL,2,64,42,14406.33,3.359375,11.6875
2016-10,RJ,ALL,ALL,2,64,49,13029.22,3.546875,4.734375
ALL,MA,relogios_presentes,ALL,2,64,58,12611.939999999999,3.953125,20.109375
2017-06,ALL,malas_acessorios,ALL,2,64,60,10812.8,4.46875,10.203125
ALL,RJ,casa_conforto,ALL,2,64,56,9415.56,4.0625,12.03125
2018-07,ALL,casa_construcao,ALL,2,64,58,8807.34,4.328125,6.84375
2018-07,ALL,alimentos,ALL,2,64,59,4401.42,4.3125,5.203125
2018-04,ALL,instrumentos_musicais,ALL,2,63,57,21595.240000000005,4.380952380952381,6.857142857142857
2018-07,PB,ALL,ALL,2,63,52,20689.079999999998,4.0,11.428571428571429
ALL,ALL,relogios_presentes,debit_card,2,63,58,17982.850000000002,4.0476190476190474,7.5396825396825395
2018-06,PA,ALL,ALL,2,63,54,12392.609999999999,4.365079365079365,14.015873015873016
2018-08,CE,ALL,ALL,2,63,55,12201.159999999998,4.317460317460317,11.031746031746032
2018-04,ALL,malas_acessorios,ALL,2,63,53,11283.059999999998,4.492063492063492,7.920634920634921
ALL,MS,informatica_acessorios,ALL,2,63,55,11276.640000000001,4.285714285714286,10.206349206349206
2017-07,CE,ALL,ALL,2,63,53,10177.619999999999,4.095238095238095,12.285714285714286
ALL,MG,casa_construcao,ALL,2,63,58,9984.48,4.111111111111111,7.634920634920635
ALL,BA,pet_shop,ALL,2,63,54,7260.08,4.079365079365079,12.952380952380953
2017-10,ALL,eletronicos,ALL,2,63,56,4563.16,3.9365079365079363,9.619047619047619
2018-05,ALL,instrumentos_musicais,ALL,2,62,59,21238.28,4.32258064516129,7.548387096774194
ALL,MT,relogios_presentes,ALL,2,62,59,16590.269999999997,4.112903225806452,12.96774193548387
2017-12,PA,ALL,ALL,2,62,58,13114.69,3.870967741935484,22.774193548387096
ALL,GO,bebes,ALL,2,62,54,12113.999999999998,4.193548387096774,11.338709677419354
2017-01,ALL,ferramentas_jardim,ALL,2,62,40,10026.060000000001,3.870967741935484,8.96774193548387
ALL,ES,bebes,ALL,2,62,62,9904.850000000002,3.8548387096774195,12.951612903225806
ALL,ALL,sinalizacao_e_seguranca,boleto,2,62,40,9701.170000000002,3.838709677419355,6.983870967741935
ALL,CE,ferramentas_jardim,ALL,2,62,46,8683.05,3.7903225806451615,20.20967741935484
2017-03,ALL,papelaria,ALL,2,62,56,7282.049999999999,4.548387096774194,7.870967741935484
ALL,CE,automotivo,ALL,2,61,54,16627.960000000003,3.4262295081967213,15.62295081967213
ALL,MT,automotivo,ALL,2,61,51,14258.820000000002,4.311475409836065,13.098360655737705
2018-02,MA,ALL,ALL,2,61,55,13410.610000000002,3.1475409836065573,24.770491803278688
2018-07,MT,ALL,ALL,2,61,47,12778.459999999997,4.360655737704918,9.540983606557377
ALL,RJ,audio,ALL,2,61,54,11035.279999999999,3.540983606557377,13.147540983606557
ALL,ALL,consoles_games,voucher,2,61,45,10570.280000000004,3.737704918032787,7.327868852459017
ALL,RS,consoles_games,ALL,2,61,58,9856.13,3.918032786885246,11.327868852459016
2017-10,PA,ALL,ALL,2,61,53,8951.53,3.901639344262295,19.295081967213115
ALL,SP,fashion_roupa_masculina,ALL,2,61,49,5212.35,3.557377049180328,4.344262295081967
ALL,ALL,agro_industria_e_comercio,boleto,2,60,51,22021.870000000003,3.8333333333333335,8.4
2017-08,ALL,moveis_escritorio,ALL,2,60,46,12684.289999999999,3.816666666666667,6.866666666666666
ALL,DF,ferramentas_jardim,ALL,2,60,45,10668.42,3.933333333333333,8.766666666666667
ALL,CE,utilidades_domesticas,ALL,2,60,47,10645.61,4.016666666666667,14.7
ALL,MG,casa_conforto,ALL,2,60,53,9585.11,4.083333333333333,9.9
2017-10,ALL,malas_acessorios,ALL,2,60,52,8043.15,4.483333333333333,7.966666666666667
2018-03,ALL,consoles_games,ALL,2,59,54,13256.099999999999,3.711864406779661,12.525423728813559
ALL,RJ,moveis_cozinha_area_de_servico_jantar_e_jardim,ALL,2,59,43,12053.59,3.864406779661017,10.745762711864407
2018-06,MS,ALL,ALL,2,59,49,10765.75,4.101694915254237,9.067796610169491
2017-05,ALL,moveis_escritorio,ALL,2,59,42,10654.310000000001,3.7796610169491527,7.203389830508475
ALL,ALL,industria_comercio_e_negocios,boleto,2,59,50,10342.92,3.9322033898305087,6.559322033898305
2017-02,ALL,unknown,ALL,2,59,52,10152.209999999997,3.864406779661017,6.440677966101695
2018-07,ALL,construcao_ferramentas_iluminacao,ALL,2,59,40,9393.399999999998,4.745762711864407,3.711864406779661
2018-04,MS,ALL,ALL,2,59,43,7627.0,3.9152542372881354,12.694915254237289
2017-04,MT,ALL,ALL,2,58,27,17381.15,2.4310344827586206,12.586206896551724
2017-04,ALL,moveis_escritorio,ALL,2,58,48,11164.029999999999,3.9482758620689653,7.603448275862069
ALL,CE,perfumaria,ALL,2,58,54,10299.949999999999,3.9310344827586206,16.655172413793103
2018-07,MS,ALL,ALL,2,58,49,8870.439999999999,4.344827586206897,8.0
2018-03,ALL,malas_acessorios,ALL,2,58,52,7502.87,4.275862068965517,9.913793103448276
ALL,RJ,livros_interesse_geral,ALL,2,58,55,5200.71,4.293103448275862,9.913793103448276
ALL,PI,beleza_saude,ALL,2,57,51,13575.78,3.6140350877192984,15.508771929824562
2017-10,MA,ALL,ALL,2,57,48,12526.98,3.5964912280701755,16.666666666666668
ALL,AP,ALL,credit_card,2,57,47,12365.3,4.298245614035087,25.842105263157894
2018-07,ALL,moveis_sala,ALL,2,57,50,9846.31,4.0701754385964914,6.385964912280702
2018-01,ALL,consoles_games,ALL,2,57,53,9583.5,3.9473684210526314,8.912280701754385
ALL,PB,informatica_acessorios,ALL,2,57,41,9217.26,4.473684210526316,15.105263157894736
2018-05,ALL,consoles_games,ALL,2,57,40,7823.86,3.543859649122807,7.754385964912281
2017-10,ALL,ALL,debit_card,2,57,52,6002.209999999999,4.298245614035087,4.9298245614035086
2018-01,ALL,bebidas,ALL,2,57,40,3290.3900000000003,4.0,7.56140350877193
ALL,SP,moveis_quarto,ALL,2,56,44,12644.27,4.410714285714286,5.375
ALL,GO,unknown,ALL,2,56,51,10153.84,3.9642857142857144,15.303571428571429
2017-03,GO,ALL,ALL,2,56,50,10123.720000000001,3.875,11.017857142857142
2017-11,MS,ALL,ALL,2,56,46,8673.939999999999,3.892857142857143,11.428571428571429
2018-05,ALL,livros_interesse_geral,ALL,2,56,51,7608.75,4.375,8.410714285714286
ALL,RJ,bebidas,ALL,2,56,41,6840.73,4.017857142857143,9.75
ALL,RJ,alimentos_bebidas,ALL,2,56,41,4339.21,4.017857142857143,11.875
2018-05,ALL,livros_tecnicos,ALL,2,56,55,3923.58,4.357142857142857,8.392857142857142
2017-08,ALL,eletronicos,ALL,2,56,52,3765.86,3.9642857142857144,7.303571428571429
2018-01,ALL,eletroportateis,ALL,2,55,52,16841.77,4.363636363636363,10.545454545454545
2018-02,ALL,consoles_games,ALL,2,55,51,14085.15,3.5272727272727273,13.854545454545455
2018-03,ALL,instrumentos_musicais,ALL,2,55,51,12125.769999999999,4.109090909090909,10.981818181818182
ALL,PR,construcao_ferramentas_construcao,ALL,2,55,46,10942.050000000001,4.4,7.763636363636364
ALL,MG,moveis_sala,ALL,2,55,43,10560.739999999998,4.090909090909091,9.218181818181819
2017-02,ALL,perfumaria,ALL,2,55,49,9859.47,4.2727272727272725,8.2
2018-07,ALL,malas_acessorios,ALL,2,55,53,7266.57,4.381818181818182,5.654545454545454
ALL,MT,utilidades_domesticas,ALL,2,55,40,5281.909999999998,4.036363636363636,12.981818181818182
2018-01,ALL,construcao_ferramentas_construcao,ALL,2,54,40,13367.640000000001,4.166666666666667,8.75925925925926
2017-03,ALL,consoles_games,ALL,2,54,48,12035.509999999997,3.8703703703703702,11.62962962962963
2017-12,MT,ALL,ALL,2,54,50,11204.100000000002,3.759259259259259,18.203703703703702
2018-05,ALL,ALL,debit_card,2,54,50,9561.79,4.296296296296297,6.185185185185185
2017-04,ALL,pet_shop,ALL,2,54,46,7342.039999999999,4.074074074074074,12.481481481481481
2018-04,ALL,industria_comercio_e_negocios,ALL,2,54,48,7015.39,4.2592592592592595,5.888888888888889
2017-04,ES,ALL,ALL,2,54,46,6852.509999999999,3.7962962962962963,9.796296296296296
2018-04,ALL,bebidas,ALL,2,54,29,5914.219999999999,4.074074074074074,5.055555555555555
ALL,MG,livros_interesse_geral,ALL,2,54,50,5418.950000000001,4.648148148148148,7.962962962962963
2018-01,ALL,instrumentos_musicais,ALL,2,53,51,16745.319999999996,4.169811320754717,9.075471698113208
ALL,PA,automotivo,ALL,2,53,45,9953.499999999998,3.339622641509434,21.79245283018868
ALL,ALL,moveis_cozinha_area_de_servico_jantar_e_jardim,boleto,2,53,47,9165.279999999999,3.7735849056603774,8.264150943396226
ALL,BA,ALL,debit_card,2,53,52,6961.4800000000005,4.150943396226415,11.69811320754717
ALL,ES,papelaria,ALL,2,53,47,6763.419999999999,4.226415094339623,10.0
2018-05,ALL,unknown,ALL,2,53,38,6581.66,3.6792452830188678,10.037735849056604
2016-10,MG,ALL,ALL,2,53,40,5936.280000000001,3.490566037735849,5.245283018867925
2017-08,ALL,eletrodomesticos,ALL,2,53,49,5901.820000000001,4.0,7.679245283018868
ALL,ES,fashion_bolsas_e_acessorios,ALL,2,53,45,4795.640000000001,4.018867924528302,9.716981132075471
2017-11,RN,ALL,ALL,2,52,43,10241.359999999997,3.423076923076923,15.576923076923077
2018-03,ALL,casa_construcao,ALL,2,52,34,9609.41,3.5384615384615383,10.653846153846153
2018-01,PI,ALL,ALL,2,52,47,8671.71,4.076923076923077,14.057692307692308
ALL,PE,perfumaria,ALL,2,52,47,8362.390000000001,3.8846153846153846,14.788461538461538
2018-03,PB,ALL,ALL,2,52,39,8293.499999999998,4.25,17.25
2017-06,PE,ALL,ALL,2,52,45,8268.740000000002,3.923076923076923,15.576923076923077
2017-07,ALL,consoles_games,ALL,2,52,46,7726.54,4.269230769230769,9.557692307692308
2018-01,RN,ALL,ALL,2,52,45,7568.970000000001,4.423076923076923,11.557692307692308
2018-02,ALL,eletrodomesticos,ALL,2,52,48,6546.910000000001,4.211538461538462,10.423076923076923
2017-03,ES,ALL,ALL,2,52,48,6002.269999999999,4.326923076923077,6.653846153846154
2018-08,MT,ALL,ALL,2,52,40,5975.16,4.115384615384615,7.9423076923076925
2017-04,ALL,bebes,ALL,2,52,48,5023.100000000001,3.769230769230769,10.807692307692308
2017-04,ALL,fashion_bolsas_e_acessorios,ALL,2,52,46,4089.7700000000004,4.076923076923077,8.557692307692308
ALL,SP,artigos_de_natal,ALL,2,52,44,2844.75,4.288461538461538,6.076923076923077
2018-03,RN,ALL,ALL,2,51,39,15417.180000000002,3.7450980392156863,21.45098039215686
ALL,CE,cool_stuff,ALL,2,51,48,14199.439999999999,4.137254901960785,13.470588235294118
2018-05,MS,ALL,ALL,2,51,45,11140.710000000001,4.313725490196078,10.705882352941176
2018-04,MA,ALL,ALL,2,51,46,10237.49,4.137254901960785,16.470588235294116
2018-07,ALL,consoles_games,ALL,2,51,49,10042.46,4.196078431372549,6.431372549019608
2017-08,MT,ALL,ALL,2,51,38,9836.27,4.137254901960785,12.333333333333334
2017-06,ALL,moveis_escritorio,ALL,2,51,45,9255.55,3.9411764705882355,8.666666666666666
2017-04,ALL,malas_acessorios,ALL,2,51,47,8907.18,4.450980392156863,8.901960784313726
2018-05,ALL,malas_acessorios,ALL,2,51,44,8433.08,4.254901960784314,6.686274509803922
ALL,PR,consoles_games,ALL,2,51,41,7931.780000000001,3.5294117647058822,7.137254901960785
ALL,PR,malas_acessorios,ALL,2,51,49,7692.92,4.490196078431373,7.764705882352941
ALL,PA,ALL,voucher,2,51,39,7013.829999999999,3.980392156862745,17.392156862745097
ALL,PE,papelaria,ALL,2,51,47,6304.78,4.176470588235294,15.470588235294118
ALL,DF,papelaria,ALL,2,51,45,6061.72,3.823529411764706,11.529411764705882
ALL,GO,papelaria,ALL,2,51,43,5797.550000000001,4.117647058823529,12.372549019607844
2017-01,ALL,cama_mesa_banho,ALL,2,51,45,5115.97,4.1568627450980395,10.96078431372549
ALL,DF,eletronicos,ALL,2,51,50,3298.0200000000004,4.411764705882353,7.0
2017-09,ALL,pcs,ALL,2,50,40,65935.39,4.44,9.54
2018-06,ALL,instrumentos_musicais,ALL,2,50,46,20098.41,4.48,6.58
ALL,ALL,instrumentos_musicais,voucher,2,50,27,18424.989999999998,4.04,5.84
2018-06,ALL,eletroportateis,ALL,2,50,44,17190.079999999998,3.92,4.8
ALL,RN,relogios_presentes,ALL,2,50,47,11872.28,4.12,14.78
2018-08,PA,ALL,ALL,2,50,43,10965.9,4.32,10.94
ALL,PA,cool_stuff,ALL,2,50,48,9254.779999999999,3.96,17.98
2017-12,ALL,moveis_escritorio,ALL,2,50,39,9124.15,3.38,13.32
2018-02,ALL,malas_acessorios,ALL,2,50,45,8081.35,3.6,11.28
2017-09,PA,ALL,ALL,2,50,41,8045.05,4.22,19.58
2017-04,CE,ALL,ALL,2,50,43,7524.380000000001,4.02,23.6
2018-04,ALL,livros_interesse_geral,ALL,2,50,43,7209.15,4.44,8.28
2016-10,ALL,beleza_saude,ALL,2,50,44,5635.800000000001,3.36,7.2
ALL,DF,fashion_bolsas_e_acessorios,ALL,2,50,41,4788.110000000001,3.9,8.92
ALL,SP,cama_mesa_banho,credit_card,3,4225,3499,456366.7,4.02603550295858,5.763550295857988
ALL,SP,beleza_saude,credit_card,3,3251,2900,421382.67,4.250076899415564,4.851122731467241
2018-05,SP,ALL,credit_card,3,2937,2525,403838.7899999999,4.242083758937691,4.967994552264215
2018-08,SP,ALL,credit_card,3,2810,2477,365622.80999999994,4.195729537366548,3.3437722419928826
ALL,SP,esporte_lazer,credit_card,3,2790,2494,349425.89,4.183154121863799,5.5831541218637994
2018-04,SP,ALL,credit_card,3,2767,2390,364806.4199999999,4.159378388146006,4.037947235272859
ALL,SP,moveis_decoracao,credit_card,3,2760,2100,272107.15,4.021014492753623,4.878260869565217
2018-03,SP,ALL,credit_card,3,2712,2375,357912.18999999994,4.063421828908554,6.394911504424779
2017-11,SP,ALL,credit_card,3,2677,2295,336181.02,4.019424729174449,6.048188270451998
2018-01,SP,ALL,credit_card,3,2609,2282,337363.58999999997,4.066692219241088,5.904561134534305
ALL,SP,utilidades_domesticas,credit_card,3,2562,2184,262339.33,4.152224824355972,4.532006245120999
2018-06,SP,ALL,credit_card,3,2529,2151,323028.6,4.189007512850929,3.744167655199684
2018-02,SP,ALL,credit_card,3,2422,2103,286213.97,3.943848059454996,7.063996696944674
2018-07,SP,ALL,credit_card,3,2386,2078,296744.35,4.246018440905281,3.6584241408214586
ALL,SP,informatica_acessorios,credit_card,3,2255,1918,275891.17000000004,4.031929046563193,5.6904656319290465
2017-12,SP,ALL,credit_card,3,2070,1818,259276.74,4.151207729468599,5.955072463768116
ALL,SP,relogios_presentes,credit_card,3,1837,1713,395948.88,4.155144256940664,5.058791507893305
2017-10,SP,ALL,credit_card,3,1576,1314,205955.32,4.073604060913706,4.520304568527918
2017-08,SP,ALL,credit_card,3,1540,1317,183585.97999999998,4.285714285714286,3.9357142857142855
2017-07,SP,ALL,credit_card,3,1402,1200,167102.78,4.174037089871612,4.522824536376604
ALL,SP,brinquedos,credit_card,3,1384,1306,176132.69,4.20014450867052,4.976156069364162
ALL,SP,automotivo,credit_card,3,1376,1255,196957.08000000002,4.196947674418604,4.741279069767442
2017-09,SP,ALL,credit_card,3,1374,1227,200186.03,4.269286754002911,4.851528384279476
ALL,RJ,cama_mesa_banho,credit_card,3,1366,1145,151359.31,3.698389458272328,12.727672035139092
ALL,SP,telefonia,credit_card,3,1239,1143,93056.29999999999,4.037126715092817,4.059725585149314
2017-05,SP,ALL,credit_card,3,1195,1052,153514.5,4.1481171548117155,5.43347280334728
ALL,SP,perfumaria,credit_card,3,1177,1081,156120.43,4.212404418011895,5.411214953271028
ALL,SP,ferramentas_jardim,credit_card,3,1127,922,139604.45,4.215616681455191,5.966282165039929
2017-06,SP,ALL,credit_card,3,1125,994,150535.49,4.113777777777778,5.465777777777777
ALL,SP,cool_stuff,credit_card,3,1097,1056,196347.91,4.245214220601641,4.939835916134913
ALL,MG,cama_mesa_banho,credit_card,3,1086,912,131389.63,3.8121546961325965,9.358195211786372
ALL,SP,bebes,credit_card,3,1019,944,152164.76,4.146221786064769,5.059862610402355
2017-11,RJ,ALL,credit_card,3,990,837,150017.01,3.604040404040404,13.897979797979797
ALL,SP,cama_mesa_banho,boleto,3,952,793,92401.72,4.06827731092437,5.788865546218488
ALL,RJ,beleza_saude,credit_card,3,877,795,135818.98,4.109464082098062,8.95096921322691
2017-03,SP,ALL,credit_card,3,869,755,124981.0,4.184119677790564,5.841196777905639
ALL,MG,beleza_saude,credit_card,3,859,792,143116.85,4.260768335273574,8.08847497089639
ALL,RJ,moveis_decoracao,credit_card,3,859,668,99356.12,3.641443538998836,11.60535506402794
2018-02,RJ,ALL,credit_card,3,853,737,117152.55,3.1735052754982416,18.49237983587339
2017-11,MG,ALL,credit_card,3,852,731,122610.69,4.043427230046948,9.529342723004694
ALL,SP,informatica_acessorios,boleto,3,852,666,114814.52,3.8450704225352115,5.931924882629108
ALL,RJ,esporte_lazer,credit_card,3,851,738,121614.06,3.8401880141010576,11.708578143360752
2018-03,RJ,ALL,credit_card,3,849,738,118007.67,3.1696113074204946,19.252061248527678
ALL,SP,papelaria,credit_card,3,845,783,89474.64,4.390532544378698,5.110059171597634
ALL,SP,beleza_saude,boleto,3,844,761,87377.29999999999,4.159952606635071,4.591232227488152
2017-11,ALL,cama_mesa_banho,credit_card,3,832,685,93220.23,3.5865384615384617,11.889423076923077
2018-01,RJ,ALL,credit_card,3,818,713,122776.22,3.6210268948655258,13.87163814180929
2018-05,RJ,ALL,credit_card,3,793,673,116746.63,3.968474148802018,10.064312736443885
ALL,SP,esporte_lazer,boleto,3,786,701,83922.02,4.231552162849873,5.142493638676845
2018-03,MG,ALL,credit_card,3,772,685,118081.87,3.5841968911917097,12.658031088082902
2018-04,RJ,ALL,credit_card,3,770,670,120447.84,3.933766233766234,10.155844155844155
2017-04,SP,ALL,credit_card,3,767,683,114376.93000000001,4.076923076923077,7.728813559322034
ALL,RJ,informatica_acessorios,credit_card,3,757,655,104506.70000000001,3.8269484808454424,12.581241743725231
2018-01,MG,ALL,credit_card,3,756,665,107330.97,4.067460317460317,8.41931216931217
ALL,SP,eletronicos,credit_card,3,753,700,49864.42,4.224435590969455,5.094289508632138
ALL,RJ,relogios_presentes,credit_card,3,739,691,173166.78000000003,3.784844384303112,11.200270635994586
ALL,MG,esporte_lazer,credit_card,3,739,662,102491.67,4.193504736129905,8.209742895805142
ALL,MG,moveis_decoracao,credit_card,3,732,546,79593.42,4.0109289617486334,8.23224043715847
2018-01,SP,ALL,boleto,3,729,635,81283.17000000001,4.037037037037037,5.818930041152264
2018-02,ALL,informatica_acessorios,credit_card,3,726,602,84411.86,3.520661157024793,13.196969696969697
2018-02,MG,ALL,credit_card,3,711,618,99305.34000000001,3.959212376933896,11.676511954992968
2018-04,MG,ALL,credit_card,3,707,622,106670.98000000001,4.179632248939179,7.810466760961811
2018-05,MG,ALL,credit_card,3,706,615,99930.61,4.126062322946176,8.977337110481587
ALL,RJ,utilidades_domesticas,credit_card,3,706,610,79291.35,3.8059490084985836,10.075070821529746
2017-11,SP,ALL,boleto,3,699,588,74709.79,3.948497854077253,5.925608011444921
ALL,SP,pet_shop,credit_card,3,693,597,82830.07,4.27994227994228,4.988455988455988
2018-05,SP,ALL,boleto,3,690,599,80410.73,4.233333333333333,4.98695652173913
2018-03,SP,ALL,boleto,3,689,566,76512.91,3.956458635703919,6.339622641509434
ALL,SP,moveis_decoracao,boleto,3,687,533,66991.17,4.011644832605532,5.75254730713246
ALL,MG,informatica_acessorios,credit_card,3,684,612,86629.53,4.0511695906432745,8.317251461988304
2018-01,ALL,cama_mesa_banho,credit_card,3,684,557,75309.45999999999,3.8304093567251463,9.460526315789474
2018-08,ALL,beleza_saude,credit_card,3,681,617,114095.72,4.370044052863436,4.831130690161527
2018-04,SP,ALL,boleto,3,680,572,80867.06,4.154411764705882,3.8676470588235294
2017-12,RJ,ALL,credit_card,3,674,600,107700.12000000001,3.387240356083086,16.912462908011868
2018-06,ALL,beleza_saude,credit_card,3,673,606,97348.3,4.365527488855869,6.460624071322437
2018-06,RJ,ALL,credit_card,3,665,592,103917.16,4.15187969924812,7.406015037593985
2018-08,RJ,ALL,credit_card,3,656,591,96204.61,4.114329268292683,5.420731707317073
ALL,MG,utilidades_domesticas,credit_card,3,653,555,79802.32,4.075038284839204,7.730474732006126
2018-08,SP,ALL,boleto,3,645,558,65758.5,4.178294573643411,3.3069767441860467
2018-06,MG,ALL,credit_card,3,644,553,101593.59,4.172360248447205,5.569875776397516
2018-03,ALL,cama_mesa_banho,credit_card,3,641,532,69984.48999999999,3.6006240249609984,13.536661466458659
2017-10,RJ,ALL,credit_card,3,633,540,96360.22,4.088467614533966,8.89257503949447
2018-07,SP,ALL,boleto,3,632,548,65746.36,4.185126582278481,3.6977848101265822
2018-07,RJ,ALL,credit_card,3,629,554,94639.84000000001,4.27027027027027,6.007949125596184
ALL,SP,fashion_bolsas_e_acessorios,credit_card,3,629,565,52370.95,4.1891891891891895,4.275039745627981
2018-02,SP,ALL,boleto,3,627,514,67733.98,3.878787878787879,7.282296650717703
2018-05,ALL,beleza_saude,credit_card,3,622,550,92189.45,4.268488745980707,8.466237942122186
2018-05,ALL,cama_mesa_banho,credit_card,3,622,499,71992.57999999999,3.987138263665595,9.144694533762058
2018-03,ALL,esporte_lazer,credit_card,3,621,541,84430.54000000001,3.6972624798711755,12.011272141706923
2018-06,ALL,cama_mesa_banho,credit_card,3,613,523,69901.61,3.936378466557912,6.238172920065253
2017-11,ALL,moveis_decoracao,credit_card,3,600,409,62076.240000000005,3.631666666666667,10.35
2018-04,ALL,cama_mesa_banho,credit_card,3,595,484,71371.64,3.9949579831932773,7.942857142857143
2017-12,MG,ALL,credit_card,3,594,525,79965.17,4.023569023569023,10.318181818181818
2018-07,ALL,beleza_saude,credit_card,3,592,533,97476.23,4.253378378378378,6.2449324324324325
2018-08,MG,ALL,credit_card,3,588,535,94508.78999999998,4.258503401360544,4.857142857142857
2018-06,SP,ALL,boleto,3,583,499,64210.41,4.356775300171527,3.588336192109777
ALL,SP,utilidades_domesticas,boleto,3,582,473,53747.37,4.29553264604811,4.109965635738831
2018-02,ALL,cama_mesa_banho,credit_card,3,572,469,60213.979999999996,3.56993006993007,13.798951048951048
2017-09,RJ,ALL,credit_card,3,555,479,92590.75,4.100900900900901,9.093693693693695
2018-03,ALL,informatica_acessorios,credit_card,3,550,467,74496.23999999999,3.8945454545454545,11.00909090909091
2017-02,SP,ALL,credit_card,3,548,486,69764.02,4.074817518248175,5.717153284671533
2018-07,MG,ALL,credit_card,3,547,496,86699.35,4.296160877513711,5.16819012797075
2018-04,ALL,beleza_saude,credit_card,3,546,494,86918.37,4.144688644688645,9.124542124542124
2018-05,ALL,relogios_presentes,credit_card,3,541,507,111258.05,3.9408502772643255,9.624768946395564
2018-03,ALL,beleza_saude,credit_card,3,539,493,83664.01,3.7235621521335807,12.998144712430427
2018-02,ALL,beleza_saude,credit_card,3,536,479,81748.28,3.998134328358209,12.180970149253731
2017-12,SP,ALL,boleto,3,526,455,57079.21,4.20532319391635,6.273764258555133
ALL,MG,relogios_presentes,credit_card,3,522,500,113481.18,4.216475095785441,8.685823754789272
2018-02,ALL,esporte_lazer,credit_card,3,517,454,73189.95000000001,3.7176015473887816,12.97678916827853
ALL,RJ,ferramentas_jardim,credit_card,3,512,420,68682.42000000001,3.564453125,12.75
2017-07,RJ,ALL,credit_card,3,508,442,70613.67,4.1299212598425195,8.433070866141732
2018-05,ALL,utilidades_domesticas,credit_card,3,504,403,62040.0,4.1726190476190474,7.315476190476191
ALL,RS,cama_mesa_banho,credit_card,3,503,430,60570.600000000006,3.862823061630219,13.093439363817097
2018-08,ALL,cama_mesa_banho,credit_card,3,500,426,59073.64,3.996,5.274
2018-07,ALL,cama_mesa_banho,credit_card,3,499,407,54409.73,4.234468937875752,5.410821643286573
2017-08,RJ,ALL,credit_card,3,498,429,73643.60999999999,4.188755020080321,8.323293172690763
ALL,SP,unknown,credit_card,3,497,448,59843.67999999999,3.891348088531187,4.738430583501006
2017-07,ALL,cama_mesa_banho,credit_card,3,491,418,63934.45999999999,4.107942973523421,8.09979633401222
2017-11,ALL,esporte_lazer,credit_card,3,491,437,62221.619999999995,4.120162932790224,9.85132382892057
2018-08,ALL,utilidades_domesticas,credit_card,3,491,437,56002.79,4.238289205702648,4.187372708757637
2018-01,ALL,informatica_acessorios,credit_card,3,485,405,66139.20999999999,3.8123711340206183,10.43298969072165
2018-01,ALL,beleza_saude,credit_card,3,483,437,67448.61,4.086956521739131,9.387163561076605
2018-06,ALL,utilidades_domesticas,credit_card,3,482,381,58472.68,3.9273858921161824,5.385892116182573
2017-10,MG,ALL,credit_card,3,481,419,77943.51000000001,4.1808731808731805,6.654885654885655
2018-01,ALL,esporte_lazer,credit_card,3,480,434,87263.22,3.925,10.21875
2017-05,RJ,ALL,credit_card,3,479,406,74659.59,4.066805845511483,7.793319415448852
2017-11,ALL,beleza_saude,credit_card,3,471,429,72137.84,4.10615711252654,10.418259023354565
2018-04,ALL,moveis_decoracao,credit_card,3,471,366,55932.59,3.902335456475584,7.284501061571126
ALL,SP,moveis_escritorio,credit_card,3,469,355,90934.1,3.5522388059701493,4.946695095948828
2017-10,SP,ALL,boleto,3,467,391,49213.81,4.029978586723769,4.6488222698072805
ALL,RJ,brinquedos,credit_card,3,464,436,70752.13,4.101293103448276,9.859913793103448
2018-04,ALL,esporte_lazer,credit_card,3,464,403,62672.97,4.135775862068965,8.269396551724139
2018-01,ALL,moveis_decoracao,credit_card,3,463,350,52410.19,3.8660907127429804,9.349892008639308
ALL,MG,ferramentas_jardim,credit_card,3,459,374,57927.25,4.20479302832244,8.35511982570806
2017-10,ALL,cama_mesa_banho,credit_card,3,457,361,48005.86,3.6936542669584247,8.411378555798686
2018-03,ALL,moveis_decoracao,credit_card,3,456,335,50535.83,3.4671052631578947,12.008771929824562
2018-05,ALL,moveis_decoracao,credit_card,3,450,343,47016.42,4.091111111111111,8.186666666666667
2017-11,SP,cama_mesa_banho,ALL,3,446,341,46846.19,3.7847533632286994,6.751121076233184
2017-09,MG,ALL,credit_card,3,443,385,69145.4,4.293453724604966,6.295711060948081
2017-12,ALL,cama_mesa_banho,credit_card,3,441,379,48678.72,3.854875283446712,11.61451247165533
2017-09,ALL,cama_mesa_banho,credit_card,3,440,374,52944.49,4.011363636363637,8.14090909090909
2018-01,SP,cama_mesa_banho,ALL,3,439,336,44538.2,3.915717539863326,5.451025056947608
2018-06,SP,beleza_saude,ALL,3,438,372,49111.88,4.385844748858448,3.680365296803653
2018-05,SP,cama_mesa_banho,ALL,3,435,331,47137.17,4.0873563218390805,6.358620689655172
2018-08,SP,beleza_saude,ALL,3,434,379,58879.17,4.317972350230415,3.1497695852534564
2018-06,SP,cama_mesa_banho,ALL,3,432,353,46439.31999999999,3.986111111111111,4.356481481481482
ALL,RJ,cool_stuff,credit_card,3,427,410,79559.86000000002,3.889929742388759,11.585480093676814
2018-07,ALL,utilidades_domesticas,credit_card,3,425,368,57082.34999999999,4.143529411764706,4.830588235294118
2017-08,ALL,cama_mesa_banho,credit_card,3,424,356,54820.82,4.096698113207547,7.643867924528302
2018-04,ALL,relogios_presentes,credit_card,3,420,393,88549.90000000001,4.25,8.92142857142857
2018-07,ALL,relogios_presentes,credit_card,3,418,404,90810.88999999998,3.9425837320574164,6.44976076555024
ALL,MG,brinquedos,credit_card,3,417,384,62302.10999999999,4.280575539568345,8.112709832134293
ALL,RS,moveis_decoracao,credit_card,3,416,330,52079.03,4.009615384615385,11.548076923076923
2018-05,SP,beleza_saude,ALL,3,414,350,50864.700000000004,4.35024154589372,4.9227053140096615
2017-09,SP,ALL,boleto,3,414,344,46482.11,4.106280193236715,4.78743961352657
ALL,SP,relogios_presentes,boleto,3,410,373,65243.98,4.029268292682927,5.541463414634146
2017-11,ALL,ferramentas_jardim,credit_card,3,408,321,45526.03,3.7769607843137254,12.196078431372548
ALL,MG,automotivo,credit_card,3,407,372,70843.69,4.044226044226044,8.405405405405405
2017-11,ALL,brinquedos,credit_card,3,406,368,64263.87,4.024630541871921,9.369458128078819
2018-04,ALL,informatica_acessorios,credit_card,3,406,364,48906.84,4.002463054187192,7.568965517241379
2017-08,MG,ALL,credit_card,3,402,357,55894.67,4.303482587064677,7.154228855721393
ALL,PR,moveis_decoracao,credit_card,3,402,303,48466.8,3.962686567164179,7.644278606965174
ALL,SP,cama_mesa_banho,voucher,3,400,173,35273.009999999995,4.0375,5.575
2018-03,SP,cama_mesa_banho,ALL,3,399,304,39682.310000000005,4.00250626566416,6.919799498746867
2018-02,SP,informatica_acessorios,ALL,3,397,312,47322.01,3.5894206549118386,8.367758186397985
2017-07,SP,ALL,boleto,3,394,335,42769.62,4.225888324873097,4.66497461928934
2017-08,SP,ALL,boleto,3,393,334,43913.89,4.2798982188295165,4.473282442748092
2018-08,SP,cama_mesa_banho,ALL,3,392,321,45594.979999999996,4.211734693877551,4.3188775510204085
2018-05,ALL,esporte_lazer,credit_card,3,390,357,54176.939999999995,4.282051282051282,7.648717948717949
2017-07,MG,ALL,credit_card,3,389,348,53198.52,4.118251928020565,7.694087403598972
2018-04,ALL,utilidades_domesticas,credit_card,3,386,345,44780.0,4.041450777202073,7.5932642487046635
2018-06,ALL,relogios_presentes,credit_card,3,385,362,78988.92,4.1454545454545455,6.6805194805194805
2018-03,RS,ALL,credit_card,3,385,334,60348.99,3.633766233766234,15.909090909090908
2017-12,ALL,esporte_lazer,credit_card,3,383,340,56151.229999999996,4.028720626631854,11.913838120104439
ALL,SP,ferramentas_jardim,boleto,3,382,305,40810.86,4.227748691099476,5.973821989528796
2017-11,ALL,relogios_presentes,credit_card,3,381,352,92707.11,3.900262467191601,10.863517060367455
ALL,PR,cama_mesa_banho,credit_card,3,381,318,46356.78,3.8976377952755907,8.763779527559056
ALL,RJ,perfumaria,credit_card,3,380,350,54906.95999999999,4.0552631578947365,8.707894736842105
2017-12,ALL,beleza_saude,credit_card,3,375,344,60849.939999999995,4.1066666666666665,10.12
2017-12,ALL,brinquedos,credit_card,3,375,352,56464.979999999996,3.941333333333333,10.456
2017-05,MG,ALL,credit_card,3,375,336,46510.94,4.104,7.1626666666666665
ALL,PR,esporte_lazer,credit_card,3,370,323,54202.39,4.164864864864865,7.389189189189189
2017-11,SP,moveis_decoracao,ALL,3,368,239,33520.93,3.6739130434782608,5.975543478260869
2018-03,ALL,relogios_presentes,credit_card,3,367,354,94108.73,3.773841961852861,15.861035422343324
ALL,SP,malas_acessorios,credit_card,3,367,335,55573.04000000001,4.356948228882834,5.321525885558583
2018-07,SP,beleza_saude,ALL,3,367,321,42391.79,4.272479564032698,3.683923705722071
ALL,SP,consoles_games,credit_card,3,365,339,55979.01999999999,4.057534246575343,5.517808219178082
2018-04,SP,cama_mesa_banho,ALL,3,362,300,38502.729999999996,4.013812154696133,4.419889502762431
2018-08,ALL,esporte_lazer,credit_card,3,360,327,48396.0,4.336111111111111,4.713888888888889
2017-11,ALL,informatica_acessorios,credit_card,3,358,303,56640.490000000005,3.9608938547486034,10.039106145251397
2017-11,RS,ALL,credit_card,3,357,313,55047.49,3.6918767507002803,15.123249299719888
2017-06,RJ,ALL,credit_card,3,357,324,49624.979999999996,4.11484593837535,8.700280112044817
ALL,MG,telefonia,credit_card,3,357,337,33926.05,4.140056022408964,7.859943977591036
2017-09,ALL,esporte_lazer,credit_card,3,356,319,46779.689999999995,4.188202247191011,7.887640449438202
2018-03,SP,esporte_lazer,ALL,3,355,312,42798.549999999996,3.9380281690140846,7.095774647887324
2018-04,PR,ALL,credit_card,3,354,298,64096.04,4.19774011299435,6.3474576271186445
2017-10,ALL,esporte_lazer,credit_card,3,354,318,47400.979999999996,4.177966101694915,7.69774011299435
ALL,SP,telefonia,boleto,3,354,319,24508.76,3.8757062146892656,4.531073446327683
ALL,RJ,automotivo,credit_card,3,350,322,64362.69,3.9314285714285715,10.96
2018-07,ALL,esporte_lazer,credit_card,3,348,310,46102.26,4.14367816091954,5.2844827586206895
2018-01,ALL,papelaria,credit_card,3,348,330,42382.17,4.2155172413793105,11.051724137931034
2018-08,SP,utilidades_domesticas,ALL,3,348,298,35060.06999999999,4.2844827586206895,2.985632183908046
ALL,MG,cool_stuff,credit_card,3,347,335,64216.38,4.184438040345821,8.0835734870317
2017-05,SP,ALL,boleto,3,346,298,44907.299999999996,4.199421965317919,5.982658959537572
2017-11,PR,ALL,credit_card,3,346,283,43681.2,4.0520231213872835,10.089595375722544
2018-02,ALL,moveis_decoracao,credit_card,3,346,269,40435.009999999995,3.5635838150289016,11.99421965317919
2017-08,ALL,moveis_decoracao,credit_card,3,345,255,36359.95,4.072463768115942,7.785507246376811
2018-04,SP,beleza_saude,ALL,3,344,297,45329.759999999995,4.223837209302325,4.247093023255814
2018-02,SP,cama_mesa_banho,ALL,3,344,276,34148.43,3.758720930232558,8.383720930232558
2018-07,ALL,moveis_decoracao,credit_card,3,341,266,43858.91,4.3372434017595305,5.3841642228739
2017-11,ALL,utilidades_domesticas,credit_card,3,340,285,38680.61,3.885294117647059,8.629411764705882
2018-08,ALL,relogios_presentes,credit_card,3,338,313,71604.07,4.118343195266272,5.3579881656804735
2017-03,RJ,ALL,credit_card,3,338,305,52631.53,3.9792899408284024,7.112426035502959
2018-05,ALL,informatica_acessorios,credit_card,3,338,307,41918.94,4.053254437869822,8.488165680473372
ALL,SP,construcao_ferramentas_construcao,credit_card,3,332,261,56768.53,4.283132530120482,4.367469879518072
ALL,RS,esporte_lazer,credit_card,3,332,298,49166.67999999999,4.174698795180723,11.463855421686747
ALL,RS,beleza_saude,credit_card,3,332,297,49049.33,4.015060240963855,11.951807228915662
2018-03,PR,ALL,credit_card,3,332,282,47293.7,3.8102409638554215,11.177710843373495
2018-06,ALL,esporte_lazer,credit_card,3,332,289,45465.34,4.355421686746988,6.207831325301205
2018-08,ALL,moveis_decoracao,credit_card,3,332,260,41808.89,4.153614457831325,4.909638554216867
ALL,RJ,telefonia,credit_card,3,332,305,37162.53,3.9397590361445785,9.563253012048193
2018-07,SP,cama_mesa_banho,ALL,3,330,267,34100.01,4.215151515151515,4.163636363636364
ALL,SP,automotivo,boleto,3,329,309,39701.64,4.197568389057751,5.25531914893617
ALL,RJ,eletronicos,credit_card,3,327,297,27710.510000000002,3.7492354740061162,13.770642201834862
2017-06,SP,ALL,boleto,3,326,280,43328.28999999999,4.128834355828221,5.4969325153374236
ALL,PR,beleza_saude,credit_card,3,325,289,48764.16,4.276923076923077,7.775384615384615
2017-06,MG,ALL,credit_card,3,324,289,46825.990000000005,4.296296296296297,8.669753086419753
2018-02,ALL,utilidades_domesticas,credit_card,3,323,279,35958.79,3.891640866873065,11.572755417956657
2018-03,SP,informatica_acessorios,ALL,3,322,258,41414.67,4.12111801242236,6.60248447204969
2018-06,ALL,moveis_decoracao,credit_card,3,320,252,43281.729999999996,3.96875,6.096875
2018-02,RS,ALL,credit_card,3,318,269,44242.94,3.889937106918239,17.32389937106918
2018-03,SP,beleza_saude,ALL,3,317,270,41516.87,4.003154574132492,6.422712933753943
2018-01,SP,informatica_acessorios,ALL,3,315,238,40108.079999999994,3.8666666666666667,6.584126984126984
ALL,MG,perfumaria,credit_card,3,314,291,45379.04000000001,4.210191082802548,8.063694267515924
2018-03,ALL,utilidades_domesticas,credit_card,3,313,264,37949.5,3.686900958466454,10.894568690095847
ALL,RS,utilidades_domesticas,credit_card,3,310,257,37022.240000000005,3.970967741935484,10.525806451612903
2017-08,ALL,esporte_lazer,credit_card,3,308,278,38091.47,4.308441558441558,8.191558441558442
2018-05,SP,utilidades_domesticas,ALL,3,308,242,34725.79,4.422077922077922,4.461038961038961
2017-06,ALL,cama_mesa_banho,credit_card,3,308,260,33737.22,4.055194805194805,9.084415584415584
2018-05,RS,ALL,credit_card,3,307,260,47523.62,4.286644951140065,10.29315960912052
ALL,RS,informatica_acessorios,credit_card,3,305,250,41076.770000000004,4.104918032786885,12.488524590163934
2018-07,PR,ALL,credit_card,3,304,264,44451.83,4.328947368421052,5.401315789473684
2018-01,RS,ALL,credit_card,3,304,270,41588.07,3.901315789473684,14.81578947368421
2018-01,SP,moveis_decoracao,ALL,3,304,212,30363.010000000002,3.976973684210526,5.1743421052631575
2017-09,ALL,beleza_saude,credit_card,3,301,277,49590.770000000004,4.239202657807309,8.966777408637874
2017-10,ALL,moveis_decoracao,credit_card,3,300,209,29174.449999999997,3.9966666666666666,7.923333333333333
2017-05,ALL,cama_mesa_banho,credit_card,3,299,258,33080.97,4.157190635451505,8.481605351170568
2017-03,MG,ALL,credit_card,3,298,252,38739.399999999994,4.083892617449664,7.895973154362416
2018-07,ALL,informatica_acessorios,credit_card,3,298,271,37408.990000000005,4.224832214765101,6.104026845637584
ALL,SP,eletrodomesticos,credit_card,3,297,285,34383.06,4.239057239057239,3.9663299663299663
2017-11,ALL,telefonia,credit_card,3,297,271,24973.170000000002,3.7003367003367003,10.744107744107744
2018-01,PR,ALL,credit_card,3,296,259,37938.54,3.8716216216216215,9.662162162162161
2018-08,ALL,informatica_acessorios,credit_card,3,296,271,35851.95,4.3141891891891895,5.222972972972973
ALL,RJ,bebes,credit_card,3,295,281,44127.5,3.752542372881356,12.342372881355931
2017-08,SP,cama_mesa_banho,ALL,3,294,195,28801.87,4.431972789115647,4.302721088435374
2018-06,SP,utilidades_domesticas,ALL,3,294,216,28762.390000000003,4.241496598639456,3.068027210884354
2018-01,ALL,relogios_presentes,credit_card,3,293,275,69892.95999999999,4.040955631399317,10.01023890784983
2018-06,ALL,informatica_acessorios,credit_card,3,293,264,36286.35,4.098976109215017,6.498293515358362
2017-12,ALL,relogios_presentes,credit_card,3,292,273,60762.58,4.075342465753424,10.784246575342467
ALL,MG,informatica_acessorios,boleto,3,291,235,40107.28999999999,3.5463917525773194,8.721649484536082
ALL,MG,bebes,credit_card,3,290,272,48034.64,3.9517241379310346,8.079310344827586
2018-05,PR,ALL,credit_card,3,290,254,46214.35,4.093103448275862,8.755172413793103
2018-01,SP,beleza_saude,ALL,3,290,259,32571.739999999994,4.106896551724138,5.975862068965517
ALL,SP,moveis_decoracao,voucher,3,289,138,26635.6,4.072664359861592,4.709342560553633
2017-10,ALL,beleza_saude,credit_card,3,287,261,41102.67999999999,4.2369337979094075,7.170731707317073
ALL,SP,brinquedos,boleto,3,287,261,32353.63,4.229965156794425,5.041811846689895
2018-04,ALL,automotivo,credit_card,3,286,268,50104.62,4.0874125874125875,8.202797202797203
2017-07,ALL,esporte_lazer,credit_card,3,286,245,35311.78,4.265734265734266,8.073426573426573
2018-01,ALL,utilidades_domesticas,credit_card,3,285,254,36712.58,4.035087719298246,9.042105263157895
2018-08,ALL,automotivo,credit_card,3,284,267,42666.899999999994,4.242957746478873,4.911971830985915
2017-12,ALL,moveis_decoracao,credit_card,3,284,226,29710.479999999996,3.823943661971831,9.658450704225352
2018-02,PR,ALL,credit_card,3,283,241,39235.97,3.8763250883392226,10.402826855123674
2018-03,ALL,automotivo,credit_card,3,282,263,44797.93,3.769503546099291,12.436170212765957
2017-04,RJ,ALL,credit_card,3,281,255,53640.87,4.06049822064057,10.142348754448399
ALL,SC,esporte_lazer,credit_card,3,280,238,41905.57,4.132142857142857,10.621428571428572
2018-07,SP,utilidades_domesticas,ALL,3,280,228,34808.899999999994,4.067857142857143,3.607142857142857
2018-02,ALL,telefonia,credit_card,3,280,251,14710.37,3.7714285714285714,10.7
2018-02,ALL,relogios_presentes,credit_card,3,279,267,61845.380000000005,3.7347670250896057,15.71326164874552
2018-02,SP,esporte_lazer,ALL,3,278,245,35395.29,3.9820143884892087,7.953237410071942
2017-08,ALL,beleza_saude,credit_card,3,277,261,44840.86,4.245487364620939,7.938628158844765
2018-04,SP,esporte_lazer,ALL,3,277,238,31343.120000000003,4.306859205776173,4.11913357400722
2018-08,RS,ALL,credit_card,3,276,215,41950.3,4.355072463768116,6.934782608695652
2018-03,ALL,telefonia,credit_card,3,276,259,28270.68,3.528985507246377,10.98913043478261
2018-01,ALL,telefonia,credit_card,3,276,254,15239.860000000002,3.9384057971014492,9.833333333333334
2018-04,RS,ALL,credit_card,3,275,245,47943.75,4.1054545454545455,9.574545454545454
2018-01,SP,esporte_lazer,ALL,3,275,244,36270.58,4.090909090909091,6.716363636363637
2018-02,SP,beleza_saude,ALL,3,274,241,31850.6,4.12043795620438,6.591240875912408
ALL,BA,beleza_saude,credit_card,3,273,250,49369.51999999999,3.901098901098901,15.728937728937728
2018-08,PR,ALL,credit_card,3,272,241,37210.21,4.301470588235294,5.275735294117647
ALL,RJ,papelaria,credit_card,3,271,254,33534.51,3.9003690036900367,12.664206642066421
2018-06,PR,ALL,credit_card,3,270,235,39888.64,4.0851851851851855,6.32962962962963
ALL,SP,utilidades_domesticas,voucher,3,270,140,27517.620000000003,4.114814814814815,6.988888888888889
2017-01,SP,ALL,credit_card,3,269,221,36163.44,4.066914498141264,6.724907063197026
2017-12,SP,cama_mesa_banho,ALL,3,268,218,28348.29,3.9738805970149254,6.895522388059701
2017-07,SP,cama_mesa_banho,ALL,3,267,220,32178.259999999995,4.116104868913857,4.8164794007490634
2017-09,ALL,moveis_decoracao,credit_card,3,266,208,30462.34,4.120300751879699,8.691729323308271
2018-04,SP,moveis_decoracao,ALL,3,266,186,26934.46,4.109022556390977,3.8496240601503757
ALL,SC,cama_mesa_banho,credit_card,3,265,214,32042.06,3.8075471698113206,12.018867924528301
ALL,PR,utilidades_domesticas,credit_card,3,265,222,29839.769999999997,4.060377358490566,7.581132075471698
2018-02,ALL,automotivo,credit_card,3,264,242,42547.06,4.0,11.5
ALL,PR,informatica_acessorios,credit_card,3,263,231,35271.100000000006,3.920152091254753,7.022813688212928
2018-02,ALL,informatica_acessorios,boleto,3,263,184,35036.33,3.307984790874525,11.414448669201521
2018-05,SP,relogios_presentes,ALL,3,261,240,54731.32000000001,4.095785440613027,5.7203065134099615
2018-01,SC,ALL,credit_card,3,261,232,36739.94,3.8314176245210727,15.068965517241379
2018-04,SP,informatica_acessorios,ALL,3,261,218,31783.879999999997,3.9578544061302683,4.590038314176245
ALL,SC,moveis_decoracao,credit_card,3,261,198,30734.27,3.8314176245210727,11.9272030651341
2017-11,SP,esporte_lazer,ALL,3,260,232,28854.1,4.373076923076923,5.265384615384615
2017-03,ALL,moveis_decoracao,credit_card,3,260,208,23640.239999999998,3.973076923076923,9.303846153846154
2017-04,MG,ALL,credit_card,3,259,228,41222.43,4.138996138996139,8.027027027027026
2017-06,ALL,utilidades_domesticas,credit_card,3,259,225,24387.02,4.096525096525096,6.7915057915057915
2017-11,SC,ALL,credit_card,3,256,210,36456.41,3.6171875,12.3203125
2017-10,ALL,relogios_presentes,credit_card,3,255,233,61535.100000000006,4.141176470588236,8.137254901960784
2018-05,SP,moveis_decoracao,ALL,3,255,190,25181.199999999997,4.141176470588236,4.1607843137254905
2017-05,ALL,esporte_lazer,credit_card,3,253,207,33600.8,4.205533596837944,8.221343873517787
2018-07,RS,ALL,credit_card,3,252,215,39108.28,4.222222222222222,6.928571428571429
2018-04,SP,utilidades_domesticas,ALL,3,252,211,28038.359999999997,4.130952380952381,3.9126984126984126
2018-08,SP,esporte_lazer,ALL,3,251,226,28114.300000000003,4.334661354581673,3.0717131474103585
2018-01,ALL,eletronicos,credit_card,3,251,228,15911.39,3.852589641434263,9.760956175298805
2017-11,ALL,cool_stuff,credit_card,3,250,240,52252.36,4.072,10.672
2017-07,ALL,beleza_saude,credit_card,3,249,212,35198.270000000004,3.8674698795180724,7.718875502008032
2018-02,SC,ALL,credit_card,3,249,210,32867.92,3.4056224899598395,17.87550200803213
2018-05,ALL,automotivo,credit_card,3,248,236,39796.78999999999,4.149193548387097,8.165322580645162
2018-06,RS,ALL,credit_card,3,248,219,37848.66,4.25,9.012096774193548
2018-07,ALL,automotivo,credit_card,3,247,235,42121.29,4.421052631578948,5.94331983805668
ALL,SP,eletroportateis,credit_card,3,246,218,62875.17,4.09349593495935,4.504065040650406
ALL,BA,esporte_lazer,credit_card,3,246,211,40893.67,3.821138211382114,15.463414634146341
2018-05,SP,esporte_lazer,ALL,3,245,215,31864.180000000004,4.395918367346939,4.648979591836735
2017-11,ALL,perfumaria,credit_card,3,243,228,30341.559999999998,4.008230452674897,10.098765432098766
2017-10,SP,cama_mesa_banho,ALL,3,242,174,22531.78,3.822314049586777,5.330578512396694
ALL,SC,beleza_saude,credit_card,3,241,225,38540.99,4.0995850622406635,10.921161825726141
2017-03,SP,ALL,boleto,3,241,213,29537.800000000003,4.053941908713693,6.655601659751038
2017-09,RS,ALL,credit_card,3,240,209,35442.28,4.191666666666666,10.058333333333334
2018-02,ALL,eletronicos,credit_card,3,240,219,14826.49,3.8583333333333334,14.008333333333333
2017-11,MG,ALL,boleto,3,238,189,36557.17999999999,3.957983193277311,10.130252100840336
2017-11,BA,ALL,credit_card,3,238,196,26707.93,3.8487394957983194,15.995798319327731
2017-04,ALL,cama_mesa_banho,credit_card,3,238,194,25657.2,4.016806722689076,10.27310924369748
ALL,SP,perfumaria,boleto,3,238,220,24265.799999999996,4.30672268907563,5.11344537815126
ALL,MG,cama_mesa_banho,boleto,3,236,190,25457.25,3.830508474576271,10.23728813559322
2017-07,ALL,moveis_decoracao,credit_card,3,236,188,22945.809999999998,4.127118644067797,7.186440677966102
2017-11,SP,ALL,voucher,3,236,124,20379.750000000004,3.7838983050847457,5.165254237288136
ALL,SP,cool_stuff,boleto,3,235,223,36565.84,4.285106382978723,5.425531914893617
2017-12,RS,ALL,credit_card,3,235,205,36492.8,3.9148936170212765,15.570212765957447
2017-08,ALL,informatica_acessorios,credit_card,3,234,198,26347.86,4.363247863247863,6.6068376068376065
2017-03,ALL,cama_mesa_banho,credit_card,3,234,194,25321.260000000002,3.8632478632478633,8.675213675213675
2017-12,ALL,ferramentas_jardim,credit_card,3,233,182,26600.93,4.012875536480687,14.36480686695279
2017-09,SP,cama_mesa_banho,ALL,3,233,192,25368.86,4.175965665236052,5.068669527896995
ALL,PR,relogios_presentes,credit_card,3,231,213,54252.56,4.108225108225108,8.281385281385282
2018-06,ALL,automotivo,credit_card,3,231,201,44017.95,3.9523809523809526,6.67965367965368
2017-05,ALL,beleza_saude,credit_card,3,231,206,40414.1,4.255411255411255,6.45021645021645
2018-05,BA,ALL,credit_card,3,231,198,35989.03,3.7316017316017316,16.593073593073594
2017-05,ALL,informatica_acessorios,credit_card,3,230,190,33321.020000000004,4.239130434782608,9.091304347826087
2018-03,SP,moveis_decoracao,ALL,3,230,169,24091.93,4.008695652173913,5.843478260869565
2018-01,ALL,cool_stuff,credit_card,3,229,222,36740.44,4.08296943231441,9.222707423580786
2017-08,ALL,utilidades_domesticas,credit_card,3,229,197,22746.32,4.139737991266376,6.139737991266376
2017-05,ALL,utilidades_domesticas,credit_card,3,229,192,20140.24,4.209606986899563,6.877729257641922
2017-11,SP,beleza_saude,ALL,3,226,205,36033.3,4.265486725663717,5.243362831858407
2018-03,SC,ALL,credit_card,3,226,193,35841.64,3.725663716814159,12.79646017699115
ALL,RJ,cama_mesa_banho,boleto,3,226,193,24259.660000000003,3.8008849557522124,12.951327433628318
2018-04,SC,ALL,credit_card,3,224,186,41448.2,4.236607142857143,8.46875
2017-02,MG,ALL,credit_card,3,224,185,29141.539999999997,4.138392857142857,8.227678571428571
2017-11,SP,brinquedos,ALL,3,224,188,27055.85,4.223214285714286,5.8125
2017-05,ALL,moveis_decoracao,credit_card,3,224,185,25827.77,3.8705357142857144,9.495535714285714
2017-12,SP,moveis_decoracao,ALL,3,224,162,20925.66,3.982142857142857,6.075892857142857
2018-03,BA,ALL,credit_card,3,223,193,38521.33,3.219730941704036,19.233183856502244
2017-02,RJ,ALL,credit_card,3,223,194,30183.199999999997,3.9641255605381165,7.654708520179372
2017-12,SP,esporte_lazer,ALL,3,223,187,28227.090000000004,4.192825112107624,6.125560538116592
ALL,BA,cama_mesa_banho,credit_card,3,223,181,28050.71,3.600896860986547,16.39910313901345
2017-09,ALL,brinquedos,credit_card,3,223,208,27381.36,4.237668161434978,7.677130044843049
2017-12,ALL,utilidades_domesticas,credit_card,3,223,193,25285.839999999997,3.9192825112107625,9.260089686098654
2017-10,ALL,brinquedos,credit_card,3,222,210,31840.47,4.193693693693693,7.918918918918919
2017-08,RS,ALL,credit_card,3,220,203,29479.520000000004,4.240909090909091,11.645454545454545
2017-06,SP,cama_mesa_banho,ALL,3,219,158,21039.039999999997,4.1826484018264845,6.607305936073059
2017-11,ALL,automotivo,credit_card,3,218,197,34088.05,3.86697247706422,9.899082568807339
2018-08,SP,moveis_decoracao,ALL,3,218,151,21525.33,4.064220183486238,2.8256880733944953
ALL,RJ,moveis_escritorio,credit_card,3,217,164,44373.8,3.3732718894009217,11.728110599078342
ALL,SP,casa_construcao,credit_card,3,216,168,32861.07,4.027777777777778,5.157407407407407
2017-04,SP,ALL,boleto,3,216,180,31234.23,3.8564814814814814,8.231481481481481
ALL,RJ,moveis_decoracao,boleto,3,216,162,22354.519999999997,3.4675925925925926,12.550925925925926
2018-01,ALL,informatica_acessorios,boleto,3,215,166,29836.92,3.818604651162791,9.037209302325582
ALL,MG,esporte_lazer,boleto,3,215,185,25016.0,4.027906976744186,8.688372093023256
ALL,RJ,informatica_acessorios,boleto,3,214,170,34228.659999999996,3.8878504672897196,9.929906542056075
ALL,MG,fashion_bolsas_e_acessorios,credit_card,3,214,193,24050.550000000003,4.308411214953271,7.02803738317757
2017-08,SP,moveis_decoracao,ALL,3,214,148,19924.770000000004,4.214953271028038,4.546728971962617
2018-03,ALL,cool_stuff,credit_card,3,213,201,38317.65000000001,3.896713615023474,10.746478873239436
2018-08,ALL,telefonia,credit_card,3,213,184,33841.07000000001,4.136150234741784,5.633802816901408
ALL,RS,ferramentas_jardim,credit_card,3,213,172,33217.369999999995,4.070422535211268,12.530516431924882
ALL,SP,bebes,boleto,3,213,190,27035.1,4.089201877934272,4.774647887323944
2017-06,ALL,esporte_lazer,credit_card,3,212,191,30828.039999999997,4.400943396226415,8.306603773584905
2018-01,SP,ALL,voucher,3,212,128,27791.18,3.9858490566037736,5.160377358490566
2017-07,ALL,utilidades_domesticas,credit_card,3,212,168,20327.370000000003,4.235849056603773,6.528301886792453
ALL,SP,eletronicos,boleto,3,212,201,12445.25,4.19811320754717,5.410377358490566
2017-02,ALL,moveis_decoracao,credit_card,3,211,172,21338.36,3.81042654028436,8.24170616113744
2018-01,BA,ALL,credit_card,3,210,188,38882.14000000001,3.8380952380952382,14.99047619047619
2017-06,ALL,beleza_saude,credit_card,3,210,187,29102.03,4.266666666666667,8.404761904761905
2018-06,SP,esporte_lazer,ALL,3,210,170,23755.699999999997,4.214285714285714,3.5428571428571427
ALL,MG,papelaria,credit_card,3,210,188,23634.160000000003,4.257142857142857,7.976190476190476
2017-12,PR,ALL,credit_card,3,209,198,28425.46,4.100478468899522,10.799043062200957
ALL,MG,moveis_decoracao,boleto,3,209,160,19652.949999999997,4.110047846889952,7.904306220095694
2018-05,SC,ALL,credit_card,3,208,178,34493.59,4.177884615384615,10.389423076923077
ALL,MG,beleza_saude,boleto,3,208,190,33217.04,4.240384615384615,7.8701923076923075
2018-07,SP,esporte_lazer,ALL,3,208,182,23461.0,4.105769230769231,3.1971153846153846
ALL,BA,telefonia,credit_card,3,208,187,23173.55,3.5240384615384617,14.889423076923077
2017-09,ALL,relogios_presentes,credit_card,3,207,194,42441.69,4.27536231884058,8.429951690821255
ALL,SC,informatica_acessorios,credit_card,3,207,172,27443.93,3.917874396135266,12.584541062801932
2017-12,ALL,papelaria,credit_card,3,207,193,26159.65,3.995169082125604,12.120772946859903
2017-11,SP,utilidades_domesticas,ALL,3,207,168,19777.98,4.1352657004830915,5.797101449275362
2018-04,BA,ALL,credit_card,3,206,182,33331.26,3.79126213592233,17.95145631067961
2018-03,ALL,ferramentas_jardim,credit_card,3,206,158,28979.58,3.7135922330097086,14.271844660194175
2017-07,ALL,informatica_acessorios,credit_card,3,206,183,25434.489999999998,4.116504854368932,8.854368932038835
2018-04,ALL,ferramentas_jardim,credit_card,3,205,176,32434.569999999996,4.160975609756098,9.317073170731707
2018-03,MG,ALL,boleto,3,205,170,22918.82,3.4634146341463414,11.370731707317074
ALL,MG,eletronicos,credit_card,3,205,180,20777.69,3.8780487804878048,9.746341463414634
2018-05,ALL,telefonia,credit_card,3,205,193,19614.43,4.258536585365854,8.404878048780487
ALL,SP,alimentos,credit_card,3,205,172,13625.560000000001,4.253658536585366,3.848780487804878
2018-05,ALL,ferramentas_jardim,credit_card,3,204,166,31636.83,4.254901960784314,10.191176470588236
2017-10,RS,ALL,credit_card,3,204,176,28147.44,4.073529411764706,10.21078431372549
2017-11,RJ,ALL,boleto,3,204,175,24564.07,3.2598039215686274,14.181372549019608
2018-02,ALL,ferramentas_jardim,credit_card,3,204,158,24514.4,3.6470588235294117,12.71078431372549
ALL,RS,telefonia,credit_card,3,204,170,18859.690000000002,3.9901960784313726,10.245098039215685
ALL,GO,cama_mesa_banho,credit_card,3,203,156,23604.230000000003,3.6798029556650245,13.571428571428571
2017-11,RJ,cama_mesa_banho,ALL,3,203,160,22430.44,3.3399014778325125,16.216748768472907
2018-01,MG,ALL,boleto,3,202,170,24689.05,4.034653465346534,8.549504950495049
2018-08,SP,informatica_acessorios,ALL,3,202,180,20467.45,4.202970297029703,3.8415841584158414
2017-12,ALL,telefonia,credit_card,3,202,181,12874.510000000002,4.0,8.955445544554456
2017-10,ALL,ferramentas_jardim,credit_card,3,201,155,24568.760000000002,4.199004975124378,9.233830845771145
2017-10,SP,esporte_lazer,ALL,3,201,170,23245.56,4.024875621890548,5.124378109452737
ALL,SP,instrumentos_musicais,credit_card,3,200,189,60045.979999999996,4.25,4.59
ALL,PE,beleza_saude,credit_card,3,200,185,41482.4,4.05,14.03
2017-10,ALL,informatica_acessorios,credit_card,3,200,165,32636.219999999998,4.135,7.03
2017-12,ALL,informatica_acessorios,credit_card,3,200,173,32573.21,3.955,10.95
2018-03,ALL,informatica_acessorios,boleto,3,200,159,25364.11,3.7,11.21
2018-05,SP,informatica_acessorios,ALL,3,200,183,23908.239999999998,3.975,5.775
2018-07,BA,ALL,credit_card,3,199,190,41926.55,4.125628140703518,9.879396984924623
2018-02,BA,ALL,credit_card,3,198,162,32000.239999999998,3.3535353535353534,18.984848484848484
2017-11,SP,informatica_acessorios,ALL,3,198,165,27949.579999999998,4.040404040404041,6.494949494949495
2017-05,SP,cama_mesa_banho,ALL,3,198,139,19107.82,4.05050505050505,6.813131313131313
2017-05,ALL,cool_stuff,credit_card,3,197,186,29711.980000000003,4.152284263959391,7.152284263959391
ALL,BA,moveis_decoracao,credit_card,3,197,150,23500.3,3.7055837563451774,16.258883248730964
2017-09,ALL,utilidades_domesticas,credit_card,3,197,174,20673.71,4.187817258883249,6.680203045685279
ALL,SP,fashion_bolsas_e_acessorios,boleto,3,197,174,12894.349999999999,4.182741116751269,5.319796954314721
2018-04,ALL,bebes,credit_card,3,196,185,49032.65,3.9489795918367347,7.744897959183674
2017-10,ALL,cool_stuff,credit_card,3,196,187,38994.5,4.270408163265306,7.892857142857143
2018-05,ALL,bebes,credit_card,3,196,177,30313.82,4.168367346938775,7.683673469387755
2018-04,ALL,telefonia,credit_card,3,196,180,12845.27,3.923469387755102,7.596938775510204
2017-10,PR,ALL,credit_card,3,195,160,34077.51,3.8923076923076922,8.189743589743589
2017-12,ALL,cool_stuff,credit_card,3,194,182,36465.38,4.072164948453608,12.144329896907216
ALL,MG,pet_shop,credit_card,3,194,170,30191.82,4.221649484536083,6.984536082474227
ALL,SP,esporte_lazer,voucher,3,194,111,21930.910000000003,4.164948453608248,4.788659793814433
ALL,BA,relogios_presentes,credit_card,3,193,182,48248.619999999995,3.715025906735751,16.05699481865285
ALL,RS,cool_stuff,credit_card,3,193,188,39915.08,4.2020725388601035,11.647668393782384
2018-07,SP,relogios_presentes,ALL,3,193,181,32572.43,4.036269430051814,3.0310880829015545
2018-08,SC,ALL,credit_card,3,193,164,31192.010000000002,4.367875647668394,6.0932642487046635
2017-10,ALL,telefonia,credit_card,3,193,172,22102.02,4.129533678756476,7.637305699481865
2018-07,SP,moveis_decoracao,ALL,3,193,147,21716.22,4.414507772020725,3.227979274611399
2018-05,ALL,brinquedos,credit_card,3,192,185,33914.83,4.317708333333333,8.046875
2018-01,ALL,automotivo,credit_card,3,192,175,30975.19,4.057291666666667,9.192708333333334
2018-03,ALL,bebes,credit_card,3,191,181,40829.75,3.5968586387434556,10.74869109947644
2017-08,ALL,cool_stuff,credit_card,3,191,178,37012.6,4.350785340314136,6.649214659685864
ALL,SP,moveis_escritorio,boleto,3,191,146,34696.97,3.774869109947644,4.167539267015707
2017-12,ALL,automotivo,credit_card,3,191,180,33516.86,3.9528795811518322,10.387434554973822
2018-02,MG,ALL,boleto,3,191,167,27716.5,3.968586387434555,11.13089005235602
2017-07,RS,ALL,credit_card,3,191,172,25606.67,4.162303664921466,9.151832460732985
ALL,SC,utilidades_domesticas,credit_card,3,191,161,22878.97,3.910994764397906,10.057591623036648
ALL,DF,esporte_lazer,credit_card,3,190,158,23678.35,4.057894736842106,9.178947368421053
ALL,ES,cama_mesa_banho,credit_card,3,190,162,23573.67,3.8105263157894735,14.189473684210526
2018-06,SP,relogios_presentes,ALL,3,189,167,30125.55,4.195767195767195,3.6984126984126986
2018-08,SP,relogios_presentes,ALL,3,188,173,33465.18,4.101063829787234,3.1595744680851063
2017-07,ALL,cool_stuff,credit_card,3,187,181,35930.06,4.251336898395722,8.010695187165775
2018-03,ALL,brinquedos,credit_card,3,187,176,23354.56,3.6844919786096257,11.352941176470589
2017-07,SP,ALL,voucher,3,187,86,20962.129999999997,4.0855614973262036,4.449197860962567
ALL,RJ,cama_mesa_banho,voucher,3,187,87,19376.14,3.9946524064171123,11.95187165775401
2017-11,SP,relogios_presentes,ALL,3,186,170,40234.3,4.037634408602151,5.354838709677419
ALL,DF,beleza_saude,credit_card,3,186,171,27778.4,4.091397849462366,9.983870967741936
2018-03,ALL,eletronicos,credit_card,3,186,171,13129.239999999998,3.693548387096774,12.56989247311828
ALL,PR,telefonia,credit_card,3,186,172,12009.970000000001,4.06989247311828,8.198924731182796
2017-12,MG,ALL,boleto,3,185,142,27686.75,3.9297297297297296,9.508108108108107
2017-12,SP,beleza_saude,ALL,3,185,163,25567.16,4.281081081081081,5.65945945945946
2018-06,ALL,bebes,credit_card,3,184,171,36223.53,4.201086956521739,6.179347826086956
ALL,GO,beleza_saude,credit_card,3,184,165,26640.79,4.065217391304348,12.092391304347826
2017-08,PR,ALL,credit_card,3,184,157,26139.07,4.429347826086956,6.309782608695652
2018-02,SP,utilidades_domesticas,ALL,3,184,148,20329.54,3.9347826086956523,5.9021739130434785
2018-03,SP,utilidades_domesticas,ALL,3,184,149,19487.86,4.146739130434782,5.211956521739131
2018-01,ALL,bebes,credit_card,3,183,169,30427.509999999995,3.737704918032787,12.78688524590164
ALL,RJ,unknown,credit_card,3,183,159,22023.679999999993,3.6557377049180326,9.502732240437158
2018-05,MG,ALL,boleto,3,183,135,21140.21,3.890710382513661,9.737704918032787
2017-06,RS,ALL,credit_card,3,183,156,21100.490000000005,4.442622950819672,8.398907103825136
ALL,DF,cama_mesa_banho,credit_card,3,183,144,18474.409999999996,3.8524590163934427,11.21311475409836
2018-05,ALL,eletronicos,credit_card,3,183,170,17940.04,4.284153005464481,8.26775956284153
ALL,SP,papelaria,boleto,3,183,165,14603.87,4.311475409836065,4.672131147540983
2017-05,RS,ALL,credit_card,3,182,153,27756.670000000002,4.302197802197802,9.203296703296703
2017-12,RJ,ALL,boleto,3,182,162,27436.36,3.291208791208791,16.587912087912088
2018-07,SP,informatica_acessorios,ALL,3,182,159,20340.66,4.373626373626373,4.521978021978022
2018-02,SP,moveis_decoracao,ALL,3,182,134,17118.41,3.7472527472527473,6.730769230769231
2017-11,SP,ferramentas_jardim,ALL,3,182,140,16618.04,4.126373626373627,7.434065934065934
2018-04,SP,relogios_presentes,ALL,3,181,165,36860.68000000001,4.475138121546961,4.359116022099448
2018-01,ALL,ferramentas_jardim,credit_card,3,181,154,25573.7,3.983425414364641,10.441988950276244
2018-06,SP,moveis_decoracao,ALL,3,181,135,20806.1,4.204419889502763,3.6243093922651934
2018-03,RJ,ALL,boleto,3,180,147,21734.129999999997,3.066666666666667,19.966666666666665
2017-09,SP,esporte_lazer,ALL,3,180,161,21056.980000000003,4.25,5.4222222222222225
2018-01,RJ,ALL,boleto,3,180,142,18633.0,3.6277777777777778,13.594444444444445
ALL,PR,automotivo,credit_card,3,179,156,27015.92,3.921787709497207,9.525139664804469
2017-05,PR,ALL,credit_card,3,179,155,26654.76,4.273743016759776,6.988826815642458
2017-07,PR,ALL,credit_card,3,179,150,24558.79,4.441340782122905,6.441340782122905
2018-02,RJ,ALL,boleto,3,179,147,20008.63,3.078212290502793,19.206703910614525
2017-06,ALL,informatica_acessorios,credit_card,3,178,148,26379.23,4.01685393258427,7.808988764044944
ALL,RJ,pet_shop,credit_card,3,178,163,25572.410000000003,3.893258426966292,9.140449438202246
2017-12,ALL,perfumaria,credit_card,3,178,171,24418.49,3.9775280898876404,10.123595505617978
2018-01,ALL,perfumaria,credit_card,3,178,166,20033.02,3.9887640449438204,10.331460674157304
2017-08,SP,ALL,voucher,3,178,80,12817.11,4.533707865168539,4.185393258426966
2018-06,SC,ALL,credit_card,3,177,154,30280.440000000002,4.19774011299435,6.418079096045198
2018-08,ALL,perfumaria,credit_card,3,177,164,23661.29,4.271186440677966,4.632768361581921
2018-06,SP,informatica_acessorios,ALL,3,177,153,20917.45,4.028248587570621,4.677966101694915
2017-04,ALL,esporte_lazer,credit_card,3,176,161,25895.14,4.011363636363637,9.994318181818182
2018-06,ALL,beleza_saude,boleto,3,176,159,23656.73,4.392045454545454,6.403409090909091
2017-08,ALL,ferramentas_jardim,credit_card,3,176,145,21188.78,4.284090909090909,7.2897727272727275
ALL,SP,bebidas,credit_card,3,176,134,9503.6,4.0852272727272725,3.7045454545454546
2018-07,ALL,bebes,credit_card,3,175,167,23382.75,4.268571428571429,6.325714285714286
2018-04,ALL,brinquedos,credit_card,3,174,167,24121.9,4.235632183908046,7.264367816091954
2017-09,ALL,informatica_acessorios,credit_card,3,173,151,24319.58,4.063583815028902,7.473988439306359
2017-12,SP,brinquedos,ALL,3,173,161,21720.41,4.08092485549133,6.109826589595376
2018-01,SP,papelaria,ALL,3,173,159,19662.65,4.393063583815029,5.92485549132948
2018-04,SP,ALL,voucher,3,173,101,17190.46,4.375722543352601,4.312138728323699
ALL,RS,relogios_presentes,credit_card,3,172,165,40267.45,3.941860465116279,12.034883720930232
ALL,RS,informatica_acessorios,boleto,3,172,123,20431.52,3.7151162790697674,9.069767441860465
ALL,SP,pet_shop,boleto,3,172,142,18521.46,4.372093023255814,4.546511627906977
ALL,SP,beleza_saude,voucher,3,172,111,17673.28,4.1976744186046515,3.941860465116279
ALL,MG,utilidades_domesticas,boleto,3,172,129,15961.85,4.005813953488372,7.273255813953488
ALL,BA,informatica_acessorios,credit_card,3,171,158,28639.440000000002,3.9415204678362574,13.619883040935672
2018-08,SP,automotivo,ALL,3,171,161,23759.96,4.12280701754386,2.9415204678362574
2018-03,SP,ALL,voucher,3,171,109,14605.490000000002,4.005847953216374,5.216374269005848
2018-06,BA,ALL,credit_card,3,170,149,36989.56,3.888235294117647,14.158823529411764
2017-11,ALL,informatica_acessorios,boleto,3,170,130,27480.49,3.488235294117647,9.764705882352942
ALL,RJ,esporte_lazer,boleto,3,170,155,23337.61,3.847058823529412,12.935294117647059
2017-08,SP,informatica_acessorios,ALL,3,170,131,19891.37,4.229411764705882,4.105882352941176
2017-05,SP,ALL,voucher,3,169,80,26487.550000000003,3.940828402366864,4.976331360946745
2018-05,ALL,perfumaria,credit_card,3,169,153,25487.940000000002,4.242603550295858,7.071005917159764
2018-08,ALL,bebes,credit_card,3,169,159,21609.910000000003,4.0828402366863905,4.680473372781065
2018-03,ALL,perfumaria,credit_card,3,169,154,20287.07,3.775147928994083,12.846153846153847
2017-08,SP,esporte_lazer,ALL,3,169,148,17985.82,4.2485207100591715,4.556213017751479
2017-12,SP,ALL,voucher,3,169,86,15768.61,3.6508875739644973,6.976331360946745
2017-11,ALL,moveis_decoracao,boleto,3,169,123,15527.81,3.6272189349112427,10.49112426035503
2017-07,ALL,brinquedos,credit_card,3,167,159,22037.41,4.449101796407185,7.0
2018-08,SP,ALL,debit_card,3,167,146,21425.86,4.347305389221557,2.838323353293413
2017-09,ALL,cool_stuff,credit_card,3,166,163,35170.31,4.210843373493976,7.120481927710843
2017-08,ALL,relogios_presentes,credit_card,3,166,150,33572.57,4.385542168674699,7.307228915662651
2017-03,ALL,beleza_saude,credit_card,3,166,148,25067.87,4.253012048192771,9.072289156626505
2018-06,ALL,telefonia,credit_card,3,166,151,20364.17,4.144578313253012,6.22289156626506
2017-06,ALL,moveis_decoracao,credit_card,3,166,134,16237.64,4.216867469879518,7.975903614457831
2018-04,ALL,cool_stuff,credit_card,3,165,156,33019.78,4.242424242424242,10.036363636363637
ALL,RJ,beleza_saude,boleto,3,165,146,26472.23,3.915151515151515,10.466666666666667
2017-07,SP,esporte_lazer,ALL,3,165,127,20194.68,4.406060606060606,4.16969696969697
2017-10,ALL,utilidades_domesticas,credit_card,3,165,141,15567.92,4.1030303030303035,6.666666666666667
2017-05,ALL,telefonia,credit_card,3,165,150,10015.39,3.903030303030303,7.290909090909091
2017-12,BA,ALL,credit_card,3,164,149,28973.019999999997,3.8719512195121952,17.29268292682927
ALL,PR,brinquedos,credit_card,3,164,160,24441.009999999995,4.329268292682927,8.134146341463415
2018-04,RJ,ALL,boleto,3,164,129,22357.42,3.975609756097561,11.451219512195122
2018-07,ALL,perfumaria,credit_card,3,164,138,20856.36,4.585365853658536,4.798780487804878
2017-04,ALL,moveis_decoracao,credit_card,3,164,137,20157.739999999998,4.0182926829268295,9.71951219512195
ALL,SP,moveis_sala,credit_card,3,163,129,22666.72,3.8588957055214723,7.306748466257669
2018-02,ALL,perfumaria,credit_card,3,163,149,18775.079999999998,4.110429447852761,10.349693251533742
2018-06,ALL,brinquedos,credit_card,3,162,146,23953.47,4.382716049382716,6.333333333333333
2018-01,SP,utilidades_domesticas,ALL,3,162,150,19111.519999999997,4.172839506172839,5.283950617283951
2017-07,SP,moveis_decoracao,ALL,3,162,115,14422.019999999999,4.228395061728395,3.9753086419753085
2017-06,SP,utilidades_domesticas,ALL,3,162,132,13116.89,4.197530864197531,8.364197530864198
2018-05,RJ,ALL,boleto,3,161,140,24335.13,4.0186335403726705,10.055900621118013
2017-09,PR,ALL,credit_card,3,161,138,21452.61,4.0,7.75776397515528
2018-01,ALL,unknown,credit_card,3,161,143,19774.239999999998,3.4037267080745344,8.881987577639752
ALL,SP,livros_interesse_geral,credit_card,3,161,154,16818.119999999995,4.53416149068323,4.925465838509317
2018-07,ALL,telefonia,credit_card,3,159,146,25474.95,3.9874213836477987,6.666666666666667
2018-08,ALL,pet_shop,credit_card,3,159,133,25019.54,4.534591194968553,4.1572327044025155
ALL,SP,casa_conforto,credit_card,3,159,146,24115.66,3.8867924528301887,6.672955974842767
2017-06,ALL,cool_stuff,credit_card,3,158,153,34064.479999999996,4.310126582278481,8.259493670886076
2017-11,ES,ALL,credit_card,3,158,139,25714.18,3.8354430379746836,12.094936708860759
ALL,MG,unknown,credit_card,3,158,147,19137.85,4.170886075949367,7.424050632911392
2018-06,SP,ALL,voucher,3,158,95,14893.109999999999,4.3544303797468356,3.0949367088607596
2017-11,ALL,fashion_bolsas_e_acessorios,credit_card,3,158,143,13862.030000000002,3.4873417721518987,9.468354430379748
2017-12,SC,ALL,credit_card,3,157,145,22992.910000000003,4.095541401273885,13.94267515923567
2017-09,ALL,ferramentas_jardim,credit_card,3,157,127,22710.46,4.2993630573248405,9.305732484076433
2017-03,ALL,esporte_lazer,credit_card,3,157,133,21731.510000000002,4.292993630573249,9.305732484076433
2017-11,ALL,bebes,credit_card,3,157,149,21580.460000000003,3.8980891719745223,10.382165605095542
2018-04,MG,ALL,boleto,3,157,138,21474.35,3.961783439490446,7.3312101910828025
ALL,PR,cool_stuff,credit_card,3,156,150,33118.64,4.314102564102564,8.211538461538462
2018-07,SC,ALL,credit_card,3,156,146,28668.969999999998,4.352564102564102,6.301282051282051
ALL,RS,brinquedos,credit_card,3,156,148,23451.909999999996,4.230769230769231,10.75
2018-07,ALL,beleza_saude,boleto,3,156,140,20687.739999999998,4.076923076923077,5.096153846153846
2017-07,SP,utilidades_domesticas,ALL,3,156,112,14491.050000000001,4.076923076923077,4.57051282051282
2018-04,ALL,eletronicos,credit_card,3,156,146,11975.47,4.166666666666667,8.801282051282051
2018-06,ALL,perfumaria,credit_card,3,155,137,26677.53,4.290322580645161,6.380645161290323
2017-08,SP,utilidades_domesticas,ALL,3,155,110,14597.19,4.038709677419355,3.7419354838709675
2017-12,SP,relogios_presentes,ALL,3,154,139,28264.130000000005,4.201298701298701,5.175324675324675
ALL,RS,bebes,credit_card,3,154,146,27221.55,4.207792207792208,10.415584415584416
ALL,MG,malas_acessorios,credit_card,3,154,147,22476.46,4.363636363636363,6.545454545454546
ALL,RJ,fashion_bolsas_e_acessorios,credit_card,3,154,143,15741.46,3.9675324675324677,10.655844155844155
2018-03,SP,relogios_presentes,ALL,3,153,147,36588.520000000004,4.045751633986928,8.549019607843137
2018-06,MG,ALL,boleto,3,153,135,20528.71,4.339869281045751,5.372549019607843
2017-02,SP,ALL,boleto,3,153,135,19735.590000000004,4.026143790849673,6.248366013071895
ALL,PR,ferramentas_jardim,credit_card,3,152,122,19529.190000000002,4.151315789473684,10.763157894736842
2018-02,GO,ALL,credit_card,3,152,122,18361.440000000002,3.6776315789473686,15.953947368421053
2018-01,ALL,esporte_lazer,boleto,3,152,130,17013.829999999998,3.6973684210526314,9.703947368421053
2017-12,SP,utilidades_domesticas,ALL,3,152,127,15423.869999999999,4.203947368421052,5.1644736842105265
2018-01,ALL,cama_mesa_banho,boleto,3,152,125,14741.42,4.032894736842105,9.026315789473685
2017-05,ALL,brinquedos,credit_card,3,151,149,20419.83,4.4635761589403975,6.158940397350993
2018-02,DF,ALL,credit_card,3,151,133,20153.61,3.6887417218543046,14.6158940397351
2017-10,MG,ALL,boleto,3,151,120,15690.53,4.33112582781457,6.682119205298013
2018-02,ALL,cool_stuff,credit_card,3,150,146,27863.13,3.8133333333333335,12.913333333333334
2018-05,SP,automotivo,ALL,3,150,141,20390.42,4.2,4.946666666666666
2017-05,SP,moveis_decoracao,ALL,3,150,105,17514.329999999994,3.8466666666666667,6.38
2017-12,ALL,eletronicos,credit_card,3,150,137,8556.14,4.126666666666667,11.02
2018-01,SP,relogios_presentes,ALL,3,149,136,35667.11,4.080536912751678,6.604026845637584
2018-05,ALL,cool_stuff,credit_card,3,149,142,29480.060000000005,4.120805369127517,8.550335570469798
2017-08,SP,beleza_saude,ALL,3,149,139,15469.68,4.483221476510067,3.8523489932885906
2017-08,BA,ALL,credit_card,3,148,132,28985.08,4.0608108108108105,11.35135135135135
2018-02,ALL,bebes,credit_card,3,148,141,25891.670000000002,3.810810810810811,13.29054054054054
2018-02,MG,informatica_acessorios,ALL,3,148,119,16089.79,3.804054054054054,13.317567567567568
2017-11,SP,perfumaria,ALL,3,148,115,15765.04,3.614864864864865,4.986486486486487
2018-04,SP,automotivo,ALL,3,147,134,20194.43,4.2312925170068025,4.040816326530612
2018-06,ALL,pet_shop,credit_card,3,147,125,19096.91,4.394557823129252,5.666666666666667
2018-05,ALL,moveis_decoracao,boleto,3,147,110,18147.66,3.7823129251700682,9.17687074829932
2018-03,ALL,cama_mesa_banho,boleto,3,147,119,13948.5,3.6258503401360542,10.476190476190476
2018-04,SP,telefonia,ALL,3,147,111,10923.939999999999,3.931972789115646,3.0884353741496597
ALL,PE,relogios_presentes,credit_card,3,146,131,32574.559999999998,3.7260273972602738,14.191780821917808
2017-10,BA,ALL,credit_card,3,146,131,24830.43,3.7945205479452055,14.123287671232877
2017-09,BA,ALL,credit_card,3,146,129,22562.239999999998,3.8835616438356166,15.616438356164384
2018-02,SP,telefonia,ALL,3,146,126,5974.53,3.7465753424657535,4.6506849315068495
2018-02,SP,ALL,voucher,3,145,83,22789.050000000003,3.8551724137931034,6.137931034482759
2018-03,SP,automotivo,ALL,3,145,135,20117.76,4.303448275862069,6.696551724137931
2017-07,ALL,ferramentas_jardim,credit_card,3,145,121,19519.370000000003,4.220689655172414,8.006896551724138
2018-05,SP,ALL,voucher,3,145,82,16166.9,4.179310344827586,5.372413793103449
2018-07,SP,automotivo,ALL,3,145,132,13703.44,4.386206896551724,3.296551724137931
2017-11,DF,ALL,credit_card,3,144,132,25144.92,3.701388888888889,12.083333333333334
2017-08,ALL,automotivo,credit_card,3,144,107,23569.340000000004,4.277777777777778,7.222222222222222
2017-02,ALL,cama_mesa_banho,credit_card,3,144,124,17739.260000000002,4.173611111111111,8.743055555555555
2018-02,RJ,informatica_acessorios,ALL,3,144,115,17602.38,2.8402777777777777,19.76388888888889
2017-10,ALL,perfumaria,credit_card,3,144,132,15440.84,4.305555555555555,7.409722222222222
2017-10,SP,beleza_saude,ALL,3,144,124,15288.41,4.305555555555555,4.152777777777778
2018-07,MG,ALL,boleto,3,143,129,20917.31,4.090909090909091,5.79020979020979
2018-06,ALL,ferramentas_jardim,credit_card,3,143,116,18692.550000000003,4.20979020979021,6.573426573426573
2017-08,ALL,brinquedos,credit_card,3,143,131,17872.7,4.524475524475524,7.083916083916084
2017-01,ALL,moveis_decoracao,credit_card,3,143,106,13659.220000000001,3.797202797202797,9.86013986013986
2017-07,SP,beleza_saude,ALL,3,143,111,12342.869999999999,3.6573426573426575,4.5174825174825175
2018-04,DF,ALL,credit_card,3,142,122,19546.960000000003,4.169014084507042,7.992957746478873
2018-07,RJ,ALL,boleto,3,142,120,19184.320000000003,4.056338028169014,6.380281690140845
2018-08,MG,ALL,boleto,3,142,133,15609.810000000001,4.436619718309859,5.042253521126761
2017-03,SP,cama_mesa_banho,ALL,3,142,113,14758.580000000002,4.112676056338028,6.253521126760563
2017-11,ALL,cama_mesa_banho,boleto,3,142,116,13598.350000000002,3.5492957746478875,10.598591549295774
2017-04,ALL,beleza_saude,credit_card,3,141,130,21298.68,4.01418439716312,11.50354609929078
2018-07,ALL,papelaria,credit_card,3,141,129,16960.89,4.51063829787234,5.957446808510638
2017-11,ALL,eletronicos,credit_card,3,141,124,10418.48,3.8865248226950353,10.53191489361702
2018-07,ALL,ferramentas_jardim,credit_card,3,140,116,28529.759999999995,4.314285714285714,5.271428571428571
2017-07,SC,ALL,credit_card,3,140,121,19407.53,4.185714285714286,9.871428571428572
2018-04,ALL,perfumaria,credit_card,3,140,129,17818.69,4.178571428571429,6.692857142857143
2018-06,ALL,eletronicos,credit_card,3,140,130,10140.119999999999,4.492857142857143,6.414285714285715
ALL,CE,beleza_saude,credit_card,3,139,124,31432.449999999997,3.856115107913669,19.0431654676259
ALL,ES,esporte_lazer,credit_card,3,139,127,20486.53,4.172661870503597,12.37410071942446
2018-04,ALL,pet_shop,credit_card,3,139,125,19433.769999999997,4.079136690647482,7.83453237410072
ALL,RJ,utilidades_domesticas,boleto,3,139,106,15594.02,3.856115107913669,9.079136690647482
ALL,MG,ferramentas_jardim,boleto,3,139,106,14605.130000000001,4.424460431654676,9.057553956834532
2018-01,ALL,moveis_decoracao,boleto,3,139,110,14306.320000000002,4.100719424460432,8.661870503597122
2017-03,ALL,utilidades_domesticas,credit_card,3,139,122,11985.119999999999,4.043165467625899,8.906474820143885
2017-11,GO,ALL,credit_card,3,138,117,20018.13,3.920289855072464,13.884057971014492
2018-03,GO,ALL,credit_card,3,138,111,18813.2,3.4565217391304346,14.043478260869565
2017-09,ALL,telefonia,credit_card,3,138,126,17422.82,4.413043478260869,7.884057971014493
ALL,RS,esporte_lazer,boleto,3,138,110,13440.51,4.326086956521739,10.521739130434783
2017-10,SP,moveis_decoracao,ALL,3,138,94,11942.529999999999,4.0,4.318840579710145
2017-07,ALL,relogios_presentes,credit_card,3,137,127,35205.78999999999,4.0510948905109485,8.474452554744525
ALL,BA,ferramentas_jardim,credit_card,3,137,112,23766.699999999997,3.9051094890510947,15.89051094890511
2018-06,DF,ALL,credit_card,3,137,125,19409.32,4.211678832116788,6.416058394160584
2018-02,SP,automotivo,ALL,3,137,118,15878.85,4.08029197080292,5.8321167883211675
2017-09,ALL,bebes,credit_card,3,136,128,25038.89,3.948529411764706,7.977941176470588
2018-05,ALL,beleza_saude,boleto,3,136,122,17035.13,4.132352941176471,8.294117647058824
2018-05,DF,ALL,credit_card,3,135,118,26067.66,4.229629629629629,8.688888888888888
ALL,SC,ferramentas_jardim,credit_card,3,135,110,23509.22,3.933333333333333,12.281481481481482
2018-08,BA,ALL,credit_card,3,135,122,22140.88,4.118518518518519,8.555555555555555
2018-03,ALL,moveis_decoracao,boleto,3,135,97,15219.379999999997,3.414814814814815,10.762962962962963
2017-03,SP,moveis_decoracao,ALL,3,135,114,10752.810000000001,4.066666666666666,7.518518518518518
2018-03,SP,telefonia,ALL,3,135,125,7543.57,3.977777777777778,4.325925925925926
2018-03,DF,ALL,credit_card,3,134,117,20371.53,3.5671641791044775,12.432835820895523
2017-11,ALL,ferramentas_jardim,boleto,3,134,102,12302.390000000001,3.9328358208955225,12.873134328358208
2017-05,SP,utilidades_domesticas,ALL,3,134,110,11936.58,4.298507462686567,4.8059701492537314
ALL,SC,automotivo,credit_card,3,133,121,26263.39,3.887218045112782,10.68421052631579
2018-08,ALL,construcao_ferramentas_construcao,credit_card,3,133,101,22733.5,4.18796992481203,4.969924812030075
ALL,ES,beleza_saude,credit_card,3,133,124,20180.38,4.045112781954887,11.503759398496241
2018-01,DF,ALL,credit_card,3,133,118,18673.79,3.924812030075188,8.796992481203008
ALL,RS,moveis_decoracao,boleto,3,133,106,14435.64,3.8345864661654137,10.909774436090226
ALL,SP,unknown,boleto,3,133,114,13083.04,3.819548872180451,5.2180451127819545
2018-08,ALL,cama_mesa_banho,boleto,3,133,106,12708.34,4.368421052631579,5.406015037593985
2017-10,SP,relogios_presentes,ALL,3,132,112,29370.28,3.9545454545454546,4.7727272727272725
2018-07,DF,ALL,credit_card,3,132,119,21588.29,4.28030303030303,5.545454545454546
2017-09,SP,beleza_saude,ALL,3,132,119,18929.9,4.348484848484849,4.3106060606060606
2018-08,ALL,brinquedos,credit_card,3,132,121,17288.340000000004,4.128787878787879,4.371212121212121
2017-09,RJ,ALL,boleto,3,132,109,15052.2,4.075757575757576,9.734848484848484
2018-01,RJ,cama_mesa_banho,ALL,3,132,101,14659.39,3.7954545454545454,13.848484848484848
2018-03,ALL,papelaria,credit_card,3,132,118,13842.659999999998,3.9166666666666665,12.409090909090908
2018-02,ALL,papelaria,credit_card,3,132,120,12359.199999999999,3.712121212121212,13.333333333333334
ALL,PR,eletronicos,credit_card,3,132,118,9715.11,3.946969696969697,8.43939393939394
2018-01,SP,telefonia,ALL,3,132,115,6459.609999999999,3.7954545454545454,4.484848484848484
ALL,SC,relogios_presentes,credit_card,3,131,125,28882.26,4.244274809160306,10.557251908396946
2018-07,ALL,utilidades_domesticas,boleto,3,131,83,18598.69,4.122137404580153,5.938931297709924
2018-07,ALL,brinquedos,credit_card,3,131,127,18242.0,4.282442748091603,5.473282442748092
2018-06,SP,automotivo,ALL,3,131,112,16680.54,4.183206106870229,2.9770992366412212
2017-11,ALL,papelaria,credit_card,3,131,120,16612.14,4.33587786259542,10.564885496183207
2018-02,ALL,beleza_saude,boleto,3,131,117,15992.749999999998,4.068702290076335,10.381679389312977
2018-04,ALL,beleza_saude,boleto,3,131,115,15696.49,4.1679389312977095,7.442748091603053
2018-08,ALL,papelaria,credit_card,3,131,121,15216.71,4.572519083969466,5.458015267175573
2018-02,ALL,esporte_lazer,boleto,3,131,121,15125.82,3.9618320610687023,13.297709923664122
2017-09,SC,ALL,credit_card,3,130,115,24176.350000000002,4.107692307692307,10.5
2018-04,ALL,informatica_acessorios,boleto,3,130,108,20100.1,3.8076923076923075,8.161538461538461
2018-08,SP,ALL,voucher,3,130,78,18037.58,4.269230769230769,2.8692307692307693
2017-05,BA,ALL,credit_card,3,130,104,17381.93,3.9923076923076923,12.338461538461539
2018-03,ALL,esporte_lazer,boleto,3,130,115,14938.14,3.7,10.3
2017-04,ALL,utilidades_domesticas,credit_card,3,130,104,14312.2,4.0,10.46923076923077
2017-09,SP,moveis_decoracao,ALL,3,130,100,10718.77,4.230769230769231,4.8307692307692305
ALL,PE,esporte_lazer,credit_card,3,129,118,21635.88,3.9612403100775193,13.937984496124031
2018-05,SP,bebes,ALL,3,129,110,20370.89,4.3023255813953485,5.2015503875969
2018-01,ES,ALL,credit_card,3,129,116,19682.61,4.325581395348837,11.821705426356589
ALL,RJ,ferramentas_jardim,boleto,3,129,109,19388.449999999997,3.8372093023255816,12.054263565891473
2017-10,SC,ALL,credit_card,3,129,121,17642.41,4.271317829457364,8.248062015503876
2018-04,ALL,esporte_lazer,boleto,3,129,119,15858.240000000002,4.449612403100775,6.72093023255814
2017-06,SP,esporte_lazer,ALL,3,129,110,14963.46,4.317829457364341,6.209302325581396
ALL,DF,relogios_presentes,credit_card,3,128,122,31996.97,4.015625,9.5
ALL,PR,bebes,credit_card,3,128,119,21494.37,4.1484375,7.6171875
2017-05,SC,ALL,credit_card,3,128,109,18896.590000000004,4.0078125,12.171875
2017-09,SP,brinquedos,ALL,3,128,113,14145.779999999999,4.171875,5.03125
2017-09,SP,utilidades_domesticas,ALL,3,128,99,12020.970000000001,4.28125,4.0546875
2017-11,SP,telefonia,ALL,3,128,111,8908.97,3.734375,4.8984375
2017-02,ALL,beleza_saude,credit_card,3,127,116,22396.010000000002,4.047244094488189,8.188976377952756
2017-06,PR,ALL,credit_card,3,127,122,19049.53,4.31496062992126,8.05511811023622
2017-08,RJ,ALL,boleto,3,127,114,17279.300000000003,3.9921259842519685,8.330708661417322
2017-10,SP,informatica_acessorios,ALL,3,127,95,15976.990000000002,4.070866141732283,3.9448818897637796
2018-01,ALL,beleza_saude,boleto,3,127,112,13958.43,4.039370078740157,10.566929133858268
2018-04,ALL,cama_mesa_banho,boleto,3,127,103,12456.26,3.7874015748031495,9.700787401574804
2018-06,ALL,papelaria,credit_card,3,127,107,11994.460000000001,4.322834645669292,5.110236220472441
2018-03,ALL,moveis_escritorio,credit_card,3,126,101,24072.959999999995,3.492063492063492,11.119047619047619
2018-05,GO,ALL,credit_card,3,126,111,22174.76,3.8968253968253967,10.515873015873016
2017-11,PE,ALL,credit_card,3,126,103,21239.809999999998,3.5317460317460316,14.238095238095237
2017-11,RS,ALL,boleto,3,126,99,13624.379999999997,3.6666666666666665,11.80952380952381
ALL,SC,cool_stuff,credit_card,3,125,114,27341.770000000004,3.824,11.48
ALL,RS,automotivo,credit_card,3,125,116,23848.84,4.096,11.2
2017-03,RS,ALL,credit_card,3,125,111,19613.319999999996,3.968,10.48
2017-07,BA,ALL,credit_card,3,125,115,18416.549999999996,4.064,13.48
2017-05,SP,informatica_acessorios,ALL,3,125,91,15641.260000000002,4.24,4.84
2017-06,ALL,brinquedos,credit_card,3,125,119,15080.53,4.32,8.08
2017-02,SP,moveis_decoracao,ALL,3,125,98,12231.96,3.8,6.048
ALL,SC,telefonia,credit_card,3,125,118,11942.909999999998,3.768,12.336
ALL,CE,relogios_presentes,credit_card,3,124,116,32204.750000000004,3.9838709677419355,18.29032258064516
ALL,MG,moveis_escritorio,credit_card,3,124,100,26312.12,3.4838709677419355,8.46774193548387
2018-07,ALL,pet_shop,credit_card,3,124,107,17630.379999999997,4.32258064516129,4.903225806451613
2018-08,ALL,beleza_saude,boleto,3,124,120,17446.329999999998,4.314516129032258,5.217741935483871
2018-01,GO,ALL,credit_card,3,124,105,15988.46,3.8951612903225805,12.82258064516129
2017-10,RJ,ALL,boleto,3,124,105,15387.640000000001,3.9193548387096775,9.435483870967742
2017-05,SP,esporte_lazer,ALL,3,124,103,14464.789999999999,4.258064516129032,6.596774193548387
2018-01,PR,ALL,boleto,3,124,102,13806.720000000001,3.911290322580645,9.879032258064516
2017-08,MG,ALL,boleto,3,124,99,13803.67,4.241935483870968,7.661290322580645
2018-03,RJ,cama_mesa_banho,ALL,3,124,100,13572.829999999998,3.1048387096774195,22.45967741935484
ALL,DF,utilidades_domesticas,credit_card,3,124,95,13381.199999999999,4.032258064516129,7.153225806451613
2017-07,RJ,ALL,boleto,3,123,102,20850.89,3.8048780487804876,8.235772357723578
2018-08,DF,ALL,credit_card,3,123,112,19522.86,4.219512195121951,6.2682926829268295
2017-12,DF,ALL,credit_card,3,123,105,17292.09,4.162601626016261,10.268292682926829
2018-04,ES,ALL,credit_card,3,123,111,16750.64,3.894308943089431,13.544715447154472
2017-11,MG,cama_mesa_banho,ALL,3,123,101,13234.900000000001,3.6341463414634148,12.235772357723578
2017-10,SP,utilidades_domesticas,ALL,3,123,98,11228.320000000002,4.178861788617886,4.2439024390243905
2017-06,ALL,perfumaria,credit_card,3,122,114,23083.4,4.090163934426229,9.89344262295082
2017-08,SC,ALL,credit_card,3,122,107,20189.519999999997,4.131147540983607,9.032786885245901
2017-12,SP,automotivo,ALL,3,122,107,17053.559999999998,4.30327868852459,5.680327868852459
2017-06,SP,ALL,voucher,3,122,58,14724.220000000003,4.368852459016393,13.680327868852459
2017-09,ALL,perfumaria,credit_card,3,122,112,14161.12,4.049180327868853,7.967213114754099
2017-11,ALL,esporte_lazer,boleto,3,122,112,13880.91,4.385245901639344,8.262295081967213
2018-07,SP,ALL,debit_card,3,122,107,12658.44,4.368852459016393,3.5081967213114753
2018-05,SP,ferramentas_jardim,ALL,3,122,98,12563.86,4.30327868852459,6.459016393442623
ALL,DF,informatica_acessorios,credit_card,3,121,102,22149.72,3.5371900826446283,9.322314049586776
ALL,BA,utilidades_domesticas,credit_card,3,121,111,17756.38,3.9669421487603307,12.818181818181818
2018-02,ALL,brinquedos,credit_card,3,121,114,15465.57,3.8595041322314048,9.909090909090908
2017-04,SP,cama_mesa_banho,ALL,3,121,100,14578.22,4.074380165289257,7.867768595041323
2018-01,SP,eletronicos,ALL,3,121,115,5920.4800000000005,4.12396694214876,5.413223140495868
2018-03,ES,ALL,credit_card,3,120,108,16710.03,3.308333333333333,18.358333333333334
2018-02,ES,ALL,credit_card,3,120,113,16284.71,3.975,14.733333333333333
2017-05,SP,beleza_saude,ALL,3,120,109,13898.04,4.15,4.283333333333333
2017-12,SP,ferramentas_jardim,ALL,3,120,87,11374.41,4.066666666666666,8.658333333333333
2017-06,SP,moveis_decoracao,ALL,3,120,84,10553.349999999999,4.291666666666667,5.05
ALL,RS,perfumaria,credit_card,3,119,110,19058.1,4.369747899159663,10.798319327731093
2018-03,ALL,beleza_saude,boleto,3,119,111,17748.609999999997,3.672268907563025,12.050420168067227
2018-01,SP,cool_stuff,ALL,3,119,117,15844.06,4.235294117647059,4.949579831932773
2017-09,MG,ALL,boleto,3,119,108,14855.589999999998,4.336134453781512,7.0588235294117645
ALL,RS,eletronicos,credit_card,3,119,111,8702.289999999999,4.033613445378151,10.739495798319327
2018-07,PE,ALL,credit_card,3,118,111,25545.660000000003,4.0423728813559325,10.305084745762711
2018-06,ES,ALL,credit_card,3,118,101,19535.27,3.9237288135593222,10.813559322033898
2017-02,ALL,esporte_lazer,credit_card,3,118,105,15450.640000000001,4.127118644067797,7.6525423728813555
ALL,SP,consoles_games,boleto,3,118,109,13045.359999999999,4.0508474576271185,5.88135593220339
2017-10,RJ,cama_mesa_banho,ALL,3,118,86,12903.41,3.957627118644068,9.38135593220339
2018-02,RS,ALL,boleto,3,118,93,12434.469999999998,3.6864406779661016,15.135593220338983
2018-08,RJ,ALL,boleto,3,118,108,11484.240000000002,4.245762711864407,6.110169491525424
2017-03,ALL,telefonia,credit_card,3,118,109,7424.57,3.7711864406779663,9.09322033898305
ALL,GO,relogios_presentes,credit_card,3,117,114,31314.230000000003,4.17948717948718,12.435897435897436
ALL,BA,automotivo,credit_card,3,117,107,29905.990000000005,3.5641025641025643,16.136752136752136
2017-03,ALL,ferramentas_jardim,credit_card,3,117,94,21616.860000000004,3.8547008547008548,8.324786324786325
2017-05,ALL,perfumaria,credit_card,3,117,106,19136.219999999998,4.17948717948718,7.931623931623932
2017-10,ALL,automotivo,credit_card,3,117,99,18756.160000000003,4.085470085470085,8.58974358974359
2018-05,ALL,informatica_acessorios,boleto,3,117,92,17369.050000000003,3.752136752136752,9.145299145299145
2018-01,SP,automotivo,ALL,3,117,106,17287.94,4.3760683760683765,4.6239316239316235
2017-10,ALL,informatica_acessorios,boleto,3,117,94,16862.489999999998,3.923076923076923,7.418803418803419
ALL,GO,esporte_lazer,credit_card,3,117,103,15108.300000000001,4.247863247863248,11.418803418803419
ALL,PR,informatica_acessorios,boleto,3,117,96,15097.849999999999,4.119658119658119,7.794871794871795
2018-01,MG,cama_mesa_banho,ALL,3,117,91,12578.84,3.8290598290598292,8.692307692307692
2018-06,ALL,cama_mesa_banho,boleto,3,117,96,12180.359999999999,4.068376068376068,5.3076923076923075
ALL,RS,utilidades_domesticas,boleto,3,117,85,11065.81,3.9316239316239314,9.58974358974359
ALL,ES,relogios_presentes,credit_card,3,116,112,26783.41,4.068965517241379,12.689655172413794
2017-05,ALL,ferramentas_jardim,credit_card,3,116,95,20577.879999999997,4.172413793103448,9.982758620689655
2018-04,SP,ferramentas_jardim,ALL,3,116,94,16652.870000000003,4.413793103448276,3.7413793103448274
2018-03,ALL,unknown,credit_card,3,116,110,16553.24,3.9224137931034484,11.422413793103448
2018-05,ES,ALL,credit_card,3,116,103,16540.77,4.043103448275862,12.96551724137931
2018-08,SP,perfumaria,ALL,3,116,110,14098.070000000003,4.112068965517241,3.8879310344827585
ALL,PR,perfumaria,credit_card,3,116,104,13600.579999999998,4.396551724137931,8.767241379310345
2018-06,RJ,ALL,boleto,3,116,94,13335.9,4.172413793103448,7.103448275862069
2018-07,ALL,eletronicos,credit_card,3,116,105,11751.65,4.181034482758621,5.008620689655173
ALL,MG,telefonia,boleto,3,116,110,8290.060000000001,4.043103448275862,7.801724137931035
2017-11,SP,cool_stuff,ALL,3,115,108,20326.590000000004,4.417391304347826,5.052173913043478
2017-11,ALL,beleza_saude,boleto,3,115,98,19027.36,3.9391304347826086,7.6521739130434785
ALL,RJ,relogios_presentes,boleto,3,115,106,15617.809999999998,3.6782608695652175,10.97391304347826
2017-10,SP,brinquedos,ALL,3,115,111,14506.94,4.2,4.973913043478261
2018-03,SP,brinquedos,ALL,3,115,105,12721.74,3.9304347826086956,5.121739130434783
2018-04,ALL,papelaria,credit_card,3,115,102,12010.03,4.3478260869565215,7.886956521739131
2018-02,ALL,cama_mesa_banho,boleto,3,115,106,11373.16,3.5478260869565217,15.060869565217391
2017-11,RJ,moveis_decoracao,ALL,3,115,79,11235.180000000004,3.417391304347826,15.6
2017-07,ALL,telefonia,credit_card,3,115,106,9408.660000000002,4.243478260869566,6.973913043478261
2017-03,ALL,informatica_acessorios,credit_card,3,114,101,23485.6,4.0,7.991228070175438
2018-02,PE,ALL,credit_card,3,114,105,18377.139999999996,4.0701754385964914,15.868421052631579
ALL,RJ,consoles_games,credit_card,3,114,104,16775.159999999996,4.12280701754386,11.06140350877193
2017-08,ALL,informatica_acessorios,boleto,3,114,92,15032.630000000001,3.982456140350877,6.771929824561403
2018-05,SP,perfumaria,ALL,3,114,100,13787.740000000002,4.271929824561403,4.912280701754386
ALL,BA,cool_stuff,credit_card,3,113,110,21622.9,3.9026548672566372,16.27433628318584
2018-01,ALL,brinquedos,credit_card,3,113,111,18841.93,4.088495575221239,9.557522123893806
2017-09,SP,relogios_presentes,ALL,3,113,101,17402.089999999997,4.3628318584070795,4.920353982300885
2017-10,ALL,bebes,credit_card,3,113,109,15394.36,4.433628318584071,7.814159292035399
2018-08,SP,telefonia,ALL,3,113,96,15163.400000000001,3.8230088495575223,3.3805309734513274
2018-01,RS,ALL,boleto,3,113,91,14974.81,3.9469026548672566,13.849557522123893
2017-12,ALL,unknown,credit_card,3,113,107,14406.339999999998,3.734513274336283,9.690265486725664
2017-11,SP,automotivo,ALL,3,113,103,14306.56,4.247787610619469,6.95575221238938
2018-03,SP,cool_stuff,ALL,3,113,85,13965.41,3.9469026548672566,4.867256637168142
ALL,PR,moveis_decoracao,boleto,3,113,80,12729.28,3.911504424778761,7.168141592920354
ALL,MG,relogios_presentes,boleto,3,112,103,22017.71,3.7857142857142856,7.955357142857143
2018-01,RJ,informatica_acessorios,ALL,3,112,91,15010.509999999998,3.8035714285714284,14.785714285714286
2018-05,ALL,cama_mesa_banho,boleto,3,112,93,11893.23,4.080357142857143,8.4375
2018-03,ALL,fashion_bolsas_e_acessorios,credit_card,3,112,104,10540.59,3.6607142857142856,13.758928571428571
2018-01,ALL,malas_acessorios,credit_card,3,111,104,19550.880000000005,4.108108108108108,7.243243243243243
ALL,MG,consoles_games,credit_card,3,111,98,18243.49,4.306306306306307,8.252252252252251
2017-01,MG,ALL,credit_card,3,111,88,16618.969999999998,4.324324324324325,7.333333333333333
2018-04,GO,ALL,credit_card,3,111,105,15886.189999999997,4.306306306306307,11.333333333333334
2018-04,RS,ALL,boleto,3,111,98,13109.189999999997,4.2792792792792795,10.675675675675675
ALL,DF,moveis_decoracao,credit_card,3,111,82,11476.029999999999,3.972972972972973,9.73873873873874
2017-05,ALL,relogios_presentes,credit_card,3,110,103,35755.340000000004,4.245454545454545,7.718181818181818
2017-02,PR,ALL,credit_card,3,110,95,18398.729999999996,4.072727272727272,8.50909090909091
2017-07,ALL,informatica_acessorios,boleto,3,110,82,18294.089999999997,4.2,8.781818181818181
ALL,SC,informatica_acessorios,boleto,3,110,89,16077.850000000002,3.909090909090909,11.854545454545455
ALL,ES,informatica_acessorios,credit_card,3,110,101,14142.510000000004,4.009090909090909,12.427272727272728
2018-04,RJ,cama_mesa_banho,ALL,3,110,77,13885.380000000003,3.790909090909091,11.836363636363636
ALL,RJ,brinquedos,boleto,3,110,104,12634.839999999998,3.7363636363636363,12.918181818181818
2017-07,SP,informatica_acessorios,ALL,3,110,90,12296.439999999999,4.263636363636364,4.681818181818182
ALL,RS,papelaria,credit_card,3,110,100,11919.519999999999,4.036363636363636,12.845454545454546
2018-07,RJ,cama_mesa_banho,ALL,3,110,87,10371.440000000002,4.4363636363636365,6.218181818181818
2018-02,SP,relogios_presentes,ALL,3,109,101,20687.359999999997,3.5596330275229358,8.889908256880734
2017-09,SP,ALL,voucher,3,109,69,19387.850000000002,4.146788990825688,5.073394495412844
2017-12,SP,informatica_acessorios,ALL,3,109,91,16211.070000000002,3.889908256880734,6.238532110091743
2018-05,RJ,relogios_presentes,ALL,3,108,94,21623.16,3.8703703703703702,9.537037037037036
2017-11,CE,ALL,credit_card,3,108,92,18659.670000000006,3.2777777777777777,19.296296296296298
2018-04,SP,brinquedos,ALL,3,108,102,13689.849999999999,4.296296296296297,3.962962962962963
2017-04,RS,ALL,credit_card,3,108,98,13586.940000000004,4.037037037037037,9.351851851851851
2017-10,ALL,esporte_lazer,boleto,3,108,92,9781.82,4.0092592592592595,7.314814814814815
2017-06,ALL,telefonia,credit_card,3,108,103,6998.150000000001,4.148148148148148,7.574074074074074
ALL,SP,moveis_cozinha_area_de_servico_jantar_e_jardim,credit_card,3,107,93,23279.640000000007,4.009345794392523,5.289719626168225
2018-08,GO,ALL,credit_card,3,107,96,18905.27,4.308411214953271,7.897196261682243
2018-05,ALL,papelaria,credit_card,3,107,102,13363.210000000003,4.485981308411215,7.691588785046729
2018-03,SP,perfumaria,ALL,3,107,98,12772.08,3.9345794392523366,7.317757009345795
2018-05,RS,ALL,boleto,3,107,88,12323.299999999997,4.037383177570093,10.16822429906542
ALL,RS,beleza_saude,boleto,3,107,91,11335.799999999997,4.177570093457944,9.85981308411215
2018-06,RJ,cama_mesa_banho,ALL,3,107,82,10901.43,3.710280373831776,8.551401869158878
2018-07,ALL,informatica_acessorios,boleto,3,107,94,10411.140000000001,4.299065420560748,6.925233644859813
2017-12,SP,telefonia,ALL,3,107,96,5191.54,4.224299065420561,4.457943925233645
2018-04,PE,ALL,credit_card,3,106,93,18447.75,3.69811320754717,17.99056603773585
ALL,MG,cool_stuff,boleto,3,106,92,18076.33,4.330188679245283,7.886792452830188
2017-12,ALL,bebes,credit_card,3,106,103,16896.55,3.7452830188679247,13.00943396226415
2017-06,SP,beleza_saude,ALL,3,106,92,11708.75,4.235849056603773,4.952830188679245
2017-10,SP,ALL,voucher,3,106,75,11221.279999999999,4.10377358490566,4.933962264150943
ALL,RJ,construcao_ferramentas_construcao,credit_card,3,105,90,20963.25,3.3142857142857145,12.095238095238095
ALL,GO,utilidades_domesticas,credit_card,3,105,83,16788.489999999998,3.8,8.980952380952381
2018-08,ALL,ferramentas_jardim,credit_card,3,105,89,16459.27,4.123809523809523,6.2
2018-07,SP,ALL,voucher,3,105,81,15441.28,4.2,3.3904761904761904
2018-08,SP,bebes,ALL,3,105,96,14062.670000000002,4.066666666666666,3.238095238095238
2018-01,MG,informatica_acessorios,ALL,3,105,82,13856.66,3.857142857142857,8.838095238095239
2017-08,ALL,perfumaria,credit_card,3,105,96,13271.5,4.428571428571429,7.8
2018-04,ALL,moveis_decoracao,boleto,3,105,86,11077.460000000001,4.095238095238095,8.914285714285715
2018-07,SP,bebes,ALL,3,105,88,11002.01,4.2,3.657142857142857
ALL,RS,cama_mesa_banho,boleto,3,105,91,10757.42,3.7904761904761903,13.247619047619047
2017-03,SP,utilidades_domesticas,ALL,3,105,80,7838.71,4.133333333333334,6.6380952380952385
2017-11,SP,fashion_bolsas_e_acessorios,ALL,3,105,86,6854.34,3.6285714285714286,5.428571428571429
2018-07,GO,ALL,credit_card,3,104,89,24724.739999999998,4.028846153846154,8.740384615384615
ALL,SP,climatizacao,credit_card,3,104,88,19497.989999999998,3.894230769230769,5.6923076923076925
2017-08,ALL,bebes,credit_card,3,104,96,18991.809999999998,4.211538461538462,7.25
2017-12,SP,cool_stuff,ALL,3,104,81,17111.69,4.269230769230769,5.730769230769231
2017-03,PR,ALL,credit_card,3,104,93,14803.919999999998,4.125,8.48076923076923
2016-10,SP,ALL,credit_card,3,104,90,14001.67,3.673076923076923,4.596153846153846
2017-12,SP,perfumaria,ALL,3,104,96,13411.0,4.221153846153846,5.798076923076923
2017-07,RJ,cama_mesa_banho,ALL,3,104,75,13113.949999999999,4.115384615384615,8.778846153846153
2017-12,ALL,cama_mesa_banho,boleto,3,104,92,10850.81,3.6153846153846154,12.721153846153847
2017-12,ALL,fashion_bolsas_e_acessorios,credit_card,3,104,94,9954.33,4.019230769230769,9.307692307692308
2018-02,SP,eletronicos,ALL,3,104,96,5873.57,4.028846153846154,8.336538461538462
2018-05,ALL,construcao_ferramentas_construcao,credit_card,3,103,71,20260.290000000005,4.174757281553398,8.242718446601941
2017-08,GO,ALL,credit_card,3,103,66,15525.519999999999,4.320388349514563,9.339805825242719
2018-03,MG,informatica_acessorios,ALL,3,103,86,13945.199999999995,3.436893203883495,11.660194174757281
2018-05,ALL,utilidades_domesticas,boleto,3,103,76,13528.47,4.058252427184466,8.184466019417476
2017-12,ALL,esporte_lazer,boleto,3,103,89,12719.900000000001,4.165048543689321,9.37864077669903
2018-08,ALL,utilidades_domesticas,boleto,3,103,91,12377.240000000002,4.466019417475728,4.368932038834951
ALL,PR,esporte_lazer,boleto,3,103,91,12057.190000000002,4.310679611650485,7.951456310679611
2018-05,ALL,pet_shop,credit_card,3,103,98,11103.51,4.281553398058253,7.495145631067961
2018-02,SP,perfumaria,ALL,3,103,91,10786.31,4.242718446601942,7.359223300970874
2018-05,PE,ALL,credit_card,3,102,94,14393.020000000002,3.872549019607843,14.53921568627451
2017-11,PR,ALL,boleto,3,102,84,12436.640000000001,4.019607843137255,9.568627450980392
2017-07,ALL,perfumaria,credit_card,3,102,95,12338.31,4.215686274509804,8.931372549019608
ALL,ES,moveis_decoracao,credit_card,3,102,85,12151.52,3.9705882352941178,12.362745098039216
2018-07,ALL,cama_mesa_banho,boleto,3,102,89,12116.099999999999,4.176470588235294,5.862745098039215
2017-12,RJ,cama_mesa_banho,ALL,3,102,78,11738.69,3.0686274509803924,19.715686274509803
2018-03,MG,cama_mesa_banho,ALL,3,102,86,11725.85,3.343137254901961,14.990196078431373
2018-05,SP,telefonia,ALL,3,102,98,10734.149999999998,4.137254901960785,3.7254901960784315
2018-03,SP,eletronicos,ALL,3,102,94,4385.499999999999,4.176470588235294,5.882352941176471
2018-03,SP,bebes,ALL,3,101,92,16709.100000000002,4.089108910891089,5.306930693069307
2017-04,ALL,brinquedos,credit_card,3,101,93,13094.120000000003,4.326732673267327,11.435643564356436
2017-12,SP,papelaria,ALL,3,101,91,10820.41,4.316831683168317,6.079207920792079
2017-08,ALL,esporte_lazer,boleto,3,101,89,10629.38,4.2772277227722775,8.881188118811881
2018-06,SP,papelaria,ALL,3,101,80,8420.78,4.306930693069307,3.6732673267326734
2017-05,ALL,automotivo,credit_card,3,100,81,17181.53,4.16,8.15
2017-10,SP,cool_stuff,ALL,3,100,91,16809.420000000002,4.27,4.62
2018-04,SP,bebes,ALL,3,100,92,16364.019999999997,4.18,3.81
ALL,RJ,malas_acessorios,credit_card,3,100,95,15626.300000000001,4.25,9.99
2017-12,GO,ALL,credit_card,3,100,91,14548.170000000002,3.89,14.14
2018-01,SP,unknown,ALL,3,100,78,13379.699999999997,3.37,5.44
2018-03,RJ,informatica_acessorios,ALL,3,100,84,12175.170000000002,3.7,16.87
2017-03,SP,ALL,voucher,3,100,51,11747.510000000002,4.12,6.52
2017-03,MG,ALL,boleto,3,100,86,10267.33,4.46,7.81
2018-08,ALL,fashion_bolsas_e_acessorios,credit_card,3,100,94,8171.200000000001,4.01,5.1
2017-06,BA,ALL,credit_card,3,99,84,20564.699999999993,3.676767676767677,13.474747474747474
2017-10,GO,ALL,credit_card,3,99,82,15995.640000000001,4.353535353535354,10.171717171717171
ALL,SP,audio,credit_card,3,99,96,14554.16,4.1313131313131315,5.191919191919192
2017-09,ALL,esporte_lazer,boleto,3,99,89,11406.41,4.474747474747475,7.05050505050505
2017-07,MG,ALL,boleto,3,99,89,11224.15,4.202020202020202,7.222222222222222
2017-08,RS,ALL,boleto,3,99,88,11090.1,3.9696969696969697,9.88888888888889
2017-07,ALL,esporte_lazer,boleto,3,99,81,10625.12,3.787878787878788,8.606060606060606
2018-02,SP,ferramentas_jardim,ALL,3,99,72,8561.3,4.0606060606060606,8.565656565656566
ALL,SP,perfumaria,voucher,3,99,63,8511.26,3.2626262626262625,5.747474747474747
ALL,SP,industria_comercio_e_negocios,credit_card,3,98,90,18160.399999999994,4.1938775510204085,4.163265306122449
ALL,RJ,moveis_sala,credit_card,3,98,81,17267.97,3.7755102040816326,9.60204081632653
2018-06,MG,beleza_saude,ALL,3,98,93,16799.08,4.469387755102041,5.642857142857143
2017-12,PE,ALL,credit_card,3,98,86,16635.17,3.9285714285714284,16.408163265306122
2018-08,SP,construcao_ferramentas_construcao,ALL,3,98,71,15828.890000000001,4.040816326530612,4.122448979591836
2018-05,SP,brinquedos,ALL,3,98,95,15387.81,4.408163265306122,4.653061224489796
2018-02,PR,ALL,boleto,3,98,91,13208.779999999999,4.336734693877551,10.33673469387755
ALL,MG,automotivo,boleto,3,98,88,12889.980000000001,4.255102040816326,9.13265306122449
ALL,SP,cool_stuff,voucher,3,98,57,11603.03,4.122448979591836,4.183673469387755
2018-08,SP,pet_shop,ALL,3,98,79,11496.589999999998,4.479591836734694,2.7857142857142856
2017-12,ALL,moveis_decoracao,boleto,3,98,78,9139.930000000002,4.030612244897959,10.071428571428571
ALL,RJ,eletronicos,boleto,3,98,91,6011.8,3.7755102040816326,13.051020408163266
2017-04,ALL,cool_stuff,credit_card,3,97,95,21134.13,3.9587628865979383,11.896907216494846
2017-04,ALL,perfumaria,credit_card,3,97,92,20506.039999999997,4.123711340206185,10.649484536082474
2018-04,ALL,moveis_escritorio,credit_card,3,97,61,18673.960000000003,3.7216494845360826,6.649484536082475
2017-04,ALL,informatica_acessorios,credit_card,3,97,83,17702.34,3.845360824742268,12.721649484536082
2017-10,RS,ALL,boleto,3,97,69,15706.740000000002,3.8969072164948453,9.082474226804123
2017-09,DF,ALL,credit_card,3,97,83,14113.09,3.917525773195876,9.350515463917526
2018-07,ALL,esporte_lazer,boleto,3,97,86,12385.6,4.608247422680412,6.103092783505154
2017-07,ALL,cama_mesa_banho,boleto,3,97,84,11630.779999999999,4.010309278350515,8.474226804123711
2017-11,RJ,ferramentas_jardim,ALL,3,97,76,10622.67,3.3402061855670104,16.371134020618555
2017-09,ALL,fashion_bolsas_e_acessorios,credit_card,3,97,76,9885.820000000002,4.103092783505154,7.494845360824742
2018-01,SP,perfumaria,ALL,3,97,87,8971.369999999999,4.030927835051546,7.536082474226804
2018-05,SP,eletronicos,ALL,3,97,94,7763.4,4.402061855670103,3.814432989690722
2017-04,ALL,telefonia,credit_card,3,97,92,6038.56,4.154639175257732,10.061855670103093
2017-06,ALL,relogios_presentes,credit_card,3,96,91,26477.22,4.166666666666667,7.6875
2018-04,CE,ALL,credit_card,3,96,89,19843.39,3.625,19.458333333333332
2018-06,SP,bebes,ALL,3,96,84,19647.0,4.395833333333333,3.46875
ALL,DF,automotivo,credit_card,3,96,87,16487.719999999998,4.041666666666667,8.989583333333334
ALL,MG,construcao_ferramentas_construcao,credit_card,3,96,75,16270.49,4.052083333333333,8.21875
2018-05,RJ,beleza_saude,ALL,3,96,86,13953.04,4.208333333333333,10.010416666666666
2017-05,SP,cool_stuff,ALL,3,96,81,13053.5,4.104166666666667,4.822916666666667
2018-03,SP,ferramentas_jardim,ALL,3,96,77,12932.429999999998,4.03125,7.5
ALL,PR,papelaria,credit_card,3,96,93,11124.55,4.416666666666667,9.4375
2018-08,ALL,eletronicos,credit_card,3,96,91,10612.91,4.125,5.708333333333333
2018-08,SP,papelaria,ALL,3,96,87,10349.2,4.614583333333333,3.1458333333333335
2017-11,ALL,consoles_games,credit_card,3,96,93,10063.159999999998,4.145833333333333,9.4375
2018-08,ALL,informatica_acessorios,boleto,3,96,86,9555.029999999999,4.083333333333333,5.260416666666667
2018-02,RJ,cama_mesa_banho,ALL,3,96,78,9185.470000000001,2.96875,19.114583333333332
ALL,SP,alimentos_bebidas,credit_card,3,96,79,6754.289999999999,4.635416666666667,5.25
2017-03,ALL,cool_stuff,credit_card,3,95,92,19399.190000000002,4.473684210526316,8.810526315789474
2018-08,MG,beleza_saude,ALL,3,95,85,14246.16,4.326315789473684,4.831578947368421
2017-07,ALL,bebes,credit_card,3,95,92,14186.289999999999,4.505263157894737,6.431578947368421
2018-03,ALL,pet_shop,credit_card,3,95,87,12663.429999999998,3.642105263157895,12.526315789473685
2018-05,MG,cama_mesa_banho,ALL,3,95,73,12537.929999999998,3.8526315789473684,11.273684210526316
2018-04,PR,ALL,boleto,3,95,77,12371.819999999996,4.168421052631579,7.052631578947368
2017-08,ALL,cama_mesa_banho,boleto,3,95,86,12189.830000000002,3.863157894736842,8.4
2018-07,SP,telefonia,ALL,3,95,87,10868.720000000001,4.126315789473685,3.863157894736842
2017-11,SC,ALL,boleto,3,95,82,10621.530000000002,4.136842105263158,12.74736842105263
2017-10,SP,ferramentas_jardim,ALL,3,95,74,10382.550000000001,4.189473684210526,5.505263157894737
2017-11,MG,moveis_decoracao,ALL,3,95,61,9244.35,4.021052631578947,9.578947368421053
2018-07,SP,papelaria,ALL,3,95,82,9145.54,4.463157894736842,3.357894736842105
2018-07,RS,ALL,boleto,3,95,75,9021.63,4.168421052631579,6.778947368421052
2017-11,MG,ferramentas_jardim,ALL,3,95,69,8239.5,4.2105263157894735,10.978947368421053
2017-12,SP,eletronicos,ALL,3,95,64,4793.12,4.505263157894737,6.294736842105263
2018-03,PE,ALL,credit_card,3,94,87,23364.170000000002,3.8404255319148937,17.70212765957447
ALL,BA,brinquedos,credit_card,3,94,92,15688.18,4.0212765957446805,17.627659574468087
2018-07,ES,ALL,credit_card,3,94,88,15513.6,4.276595744680851,8.53191489361702
2017-09,SP,informatica_acessorios,ALL,3,94,77,13034.650000000001,3.8085106382978724,4.574468085106383
2018-06,MG,cama_mesa_banho,ALL,3,94,78,11273.32,3.74468085106383,6.73404255319149
2017-09,RJ,cama_mesa_banho,ALL,3,94,73,10838.369999999999,4.329787234042553,10.074468085106384
2018-07,SP,perfumaria,ALL,3,94,75,10047.6,4.6063829787234045,3.3191489361702127
2018-06,SP,brinquedos,ALL,3,94,81,9540.599999999997,4.3936170212765955,3.4148936170212765
2017-08,ALL,telefonia,credit_card,3,94,89,9530.83,4.095744680851064,8.446808510638299
ALL,SP,informatica_acessorios,voucher,3,94,75,9510.919999999998,4.26595744680851,5.0638297872340425
2017-08,ALL,moveis_decoracao,boleto,3,94,67,8193.0,4.095744680851064,7.702127659574468
2018-03,SP,moveis_escritorio,ALL,3,93,74,17585.179999999993,3.4086021505376345,5.419354838709677
ALL,SP,construcao_ferramentas_iluminacao,credit_card,3,93,77,16273.299999999997,4.161290322580645,3.182795698924731
2018-04,ALL,eletrodomesticos,credit_card,3,93,89,14287.050000000003,4.161290322580645,7.096774193548387
ALL,PR,beleza_saude,boleto,3,93,84,13099.96,4.193548387096774,7.494623655913978
2018-05,ALL,fashion_bolsas_e_acessorios,credit_card,3,93,84,12447.289999999997,4.548387096774194,6.956989247311828
2018-06,SP,pet_shop,ALL,3,93,76,12428.69,4.419354838709677,3.6129032258064515
ALL,PE,telefonia,credit_card,3,93,85,10997.759999999998,4.344086021505376,12.666666666666666
2018-08,ALL,alimentos,credit_card,3,93,81,7973.62,4.397849462365591,3.7311827956989245
ALL,GO,ferramentas_jardim,credit_card,3,92,57,16317.63,4.173913043478261,12.054347826086957
ALL,GO,informatica_acessorios,credit_card,3,92,81,13315.240000000002,4.054347826086956,11.5
2018-07,SP,ferramentas_jardim,ALL,3,92,71,12842.519999999999,4.0,3.5869565217391304
2018-05,ALL,esporte_lazer,boleto,3,92,85,12477.249999999998,4.391304347826087,7.3478260869565215
2017-05,MG,ALL,boleto,3,92,81,12226.830000000002,3.9782608695652173,7.173913043478261
2018-03,MG,moveis_decoracao,ALL,3,92,58,8533.929999999998,3.5543478260869565,10.152173913043478
2018-07,MG,beleza_saude,ALL,3,91,82,20730.0,4.131868131868132,5.076923076923077
2018-03,CE,ALL,credit_card,3,91,81,17881.41,3.065934065934066,25.307692307692307
2017-07,ALL,moveis_escritorio,credit_card,3,91,74,17258.74,3.967032967032967,6.967032967032967
ALL,RJ,moveis_escritorio,boleto,3,91,49,15941.910000000002,2.5934065934065935,12.736263736263735
2018-08,ALL,cool_stuff,credit_card,3,91,90,14383.910000000002,4.032967032967033,4.736263736263736
2017-06,SP,informatica_acessorios,ALL,3,91,80,14268.06,3.9450549450549453,5.230769230769231
2018-02,RJ,beleza_saude,ALL,3,91,78,12905.95,3.857142857142857,13.516483516483516
2017-10,DF,ALL,credit_card,3,91,76,12546.52,3.8461538461538463,9.054945054945055
2017-07,ALL,automotivo,credit_card,3,91,82,12178.119999999999,4.0989010989010985,7.956043956043956
2018-03,PR,ALL,boleto,3,91,82,11881.41,3.5714285714285716,11.0
2018-07,ALL,relogios_presentes,boleto,3,91,88,11364.529999999999,4.0989010989010985,4.923076923076923
2018-06,SP,ALL,debit_card,3,91,80,10606.239999999998,4.3076923076923075,3.7472527472527473
2017-07,SP,brinquedos,ALL,3,91,76,10598.960000000001,4.604395604395604,3.857142857142857
2018-06,MG,utilidades_domesticas,ALL,3,91,67,10566.84,3.7142857142857144,5.230769230769231
2017-10,MG,cama_mesa_banho,ALL,3,91,62,9464.77,3.868131868131868,7.373626373626373
2017-05,ALL,bebes,credit_card,3,91,85,9288.68,4.1208791208791204,7.758241758241758
2017-01,SP,moveis_decoracao,ALL,3,91,62,7150.4800000000005,3.802197802197802,5.549450549450549
2018-05,ALL,relogios_presentes,boleto,3,90,81,16275.59,4.2555555555555555,9.322222222222223
2017-06,ALL,ferramentas_jardim,credit_card,3,90,80,16149.97,4.2555555555555555,8.322222222222223
2017-07,SP,cool_stuff,ALL,3,90,83,15250.05,4.277777777777778,4.055555555555555
2017-08,SP,cool_stuff,ALL,3,90,79,15004.580000000002,4.488888888888889,3.688888888888889
2018-07,SP,pet_shop,ALL,3,90,75,12970.16,4.4,3.5555555555555554
2018-07,ALL,moveis_decoracao,boleto,3,90,73,12141.429999999998,4.311111111111111,5.844444444444444
2017-12,ES,ALL,credit_card,3,90,82,12001.78,4.133333333333334,15.71111111111111
2018-06,RJ,beleza_saude,ALL,3,90,80,11997.42,4.477777777777778,5.966666666666667
ALL,GO,moveis_decoracao,credit_card,3,90,76,11777.060000000001,3.7222222222222223,12.255555555555556
2017-04,SC,ALL,credit_card,3,90,72,10862.45,4.088888888888889,12.522222222222222
ALL,SC,moveis_decoracao,boleto,3,90,73,9223.679999999998,4.188888888888889,10.61111111111111
2018-08,ALL,esporte_lazer,boleto,3,90,84,9139.999999999998,4.4,4.4222222222222225
2017-09,ALL,cama_mesa_banho,boleto,3,90,78,8856.339999999998,4.066666666666666,8.6
ALL,ES,telefonia,credit_card,3,90,80,8033.7300000000005,3.7777777777777777,10.644444444444444
2017-10,SP,telefonia,ALL,3,90,81,7674.3099999999995,4.2444444444444445,3.3
2018-01,ALL,eletronicos,boleto,3,90,84,5399.29,4.0777777777777775,10.011111111111111
2018-08,ES,ALL,credit_card,3,89,84,15191.429999999998,4.325842696629214,7.033707865168539
2018-01,CE,ALL,credit_card,3,89,71,13202.910000000002,3.550561797752809,18.06741573033708
2018-02,CE,ALL,credit_card,3,89,73,12575.949999999999,2.943820224719101,25.06741573033708
2018-06,ALL,informatica_acessorios,boleto,3,89,71,11734.729999999998,4.179775280898877,5.550561797752809
ALL,PR,cama_mesa_banho,boleto,3,89,79,9582.42,3.8202247191011236,9.01123595505618
2017-12,ALL,beleza_saude,boleto,3,89,83,8857.210000000001,4.280898876404494,10.415730337078651
2017-12,ALL,ferramentas_jardim,boleto,3,89,59,8175.7,3.561797752808989,12.112359550561798
2018-06,SP,ferramentas_jardim,ALL,3,89,61,7604.27,4.49438202247191,3.7752808988764044
2018-01,ALL,moveis_escritorio,credit_card,3,88,67,16722.95,3.1931818181818183,16.670454545454547
2018-02,MG,beleza_saude,ALL,3,88,78,16297.43,4.568181818181818,10.034090909090908
ALL,SC,perfumaria,credit_card,3,88,83,13768.18,4.215909090909091,10.602272727272727
ALL,ES,utilidades_domesticas,credit_card,3,88,82,12472.29,4.113636363636363,11.511363636363637
2018-02,RJ,esporte_lazer,ALL,3,88,76,11573.09,3.0681818181818183,21.511363636363637
2018-05,RJ,utilidades_domesticas,ALL,3,88,67,11047.61,3.897727272727273,10.363636363636363
2018-02,ALL,unknown,credit_card,3,88,78,10447.72,3.8863636363636362,10.170454545454545
2017-03,RJ,ALL,boleto,3,88,69,9693.56,3.965909090909091,5.943181818181818
2018-08,SP,brinquedos,ALL,3,88,79,9556.57,4.090909090909091,3.147727272727273
2018-03,MG,esporte_lazer,ALL,3,88,70,9065.96,3.5681818181818183,11.375
2018-01,SC,ALL,boleto,3,88,71,8825.17,3.6704545454545454,14.897727272727273
ALL,SC,eletronicos,credit_card,3,88,80,8490.62,4.068181818181818,10.693181818181818
2018-05,SP,pet_shop,ALL,3,88,72,8227.39,4.340909090909091,4.409090909090909
2017-10,SP,perfumaria,ALL,3,88,79,8143.42,4.363636363636363,3.397727272727273
ALL,RJ,telefonia,boleto,3,88,82,7457.2300000000005,3.852272727272727,9.511363636363637
2017-10,ALL,cama_mesa_banho,boleto,3,88,67,6992.179999999999,4.340909090909091,6.920454545454546
ALL,GO,telefonia,credit_card,3,88,79,5721.82,4.034090909090909,11.227272727272727
2017-06,ALL,automotivo,credit_card,3,87,80,29032.05,3.896551724137931,8.126436781609195
2018-06,ALL,construcao_ferramentas_construcao,credit_card,3,87,82,19698.269999999997,4.126436781609195,5.896551724137931
2017-04,BA,ALL,credit_card,3,87,72,16858.42,3.8160919540229883,21.620689655172413
ALL,SC,brinquedos,credit_card,3,87,84,13925.980000000001,4.402298850574713,9.448275862068966
2017-05,ES,ALL,credit_card,3,87,74,13452.880000000001,4.344827586206897,9.068965517241379
2017-04,PR,ALL,credit_card,3,87,81,13025.789999999999,4.195402298850575,9.114942528735632
2017-06,SC,ALL,credit_card,3,87,76,12477.999999999998,3.9655172413793105,9.620689655172415
ALL,SP,market_place,credit_card,3,87,76,9206.900000000005,3.8160919540229883,4.068965517241379
2017-11,SP,bebes,ALL,3,87,74,8751.26,3.954022988505747,6.586206896551724
ALL,SP,construcao_ferramentas_jardim,credit_card,3,87,70,8084.389999999999,4.482758620689655,5.908045977011494
ALL,SP,telefonia,voucher,3,87,56,7082.050000000002,4.091954022988506,4.183908045977011
2018-01,ALL,telefonia,boleto,3,87,82,4714.500000000001,3.7471264367816093,10.528735632183908
2018-05,ALL,moveis_escritorio,credit_card,3,86,66,21201.740000000005,3.802325581395349,8.05813953488372
2017-05,ALL,informatica_acessorios,boleto,3,86,63,18333.71,4.430232558139535,6.430232558139535
ALL,BA,bebes,credit_card,3,86,83,17141.55,3.604651162790698,15.686046511627907
2018-03,MG,beleza_saude,ALL,3,86,83,15825.68,3.5813953488372094,15.104651162790697
2018-07,ALL,construcao_ferramentas_construcao,credit_card,3,86,71,13510.489999999998,4.546511627906977,5.174418604651163
2017-11,MG,beleza_saude,ALL,3,86,69,11851.52,4.337209302325581,8.63953488372093
2017-04,SP,esporte_lazer,ALL,3,86,77,10168.030000000002,4.046511627906977,8.267441860465116
2017-11,ALL,brinquedos,boleto,3,86,75,10140.51,4.069767441860465,10.13953488372093
ALL,SP,construcao_ferramentas_construcao,boleto,3,86,67,9439.060000000001,3.895348837209302,5.441860465116279
2018-06,ALL,utilidades_domesticas,boleto,3,86,71,9013.31,4.0813953488372094,6.5
2018-02,ALL,moveis_decoracao,boleto,3,86,68,7911.6,3.627906976744186,13.627906976744185
2017-03,SC,ALL,credit_card,3,85,77,16843.14,4.047058823529412,14.329411764705883
2017-04,ALL,ferramentas_jardim,credit_card,3,85,71,16290.499999999998,4.141176470588236,10.564705882352941
2018-06,PE,ALL,credit_card,3,85,78,16141.929999999998,4.470588235294118,9.0
2018-01,PE,ALL,credit_card,3,85,77,15309.909999999998,3.9529411764705884,13.447058823529412
ALL,RJ,cool_stuff,boleto,3,85,78,13884.67,3.9058823529411764,10.623529411764705
2018-03,RJ,esporte_lazer,ALL,3,85,79,12643.730000000001,3.0823529411764707,20.564705882352943
2017-11,RJ,esporte_lazer,ALL,3,85,74,12550.060000000003,3.8,12.811764705882354
2018-06,ALL,relogios_presentes,boleto,3,85,75,11879.849999999999,4.423529411764706,6.6
2017-11,ALL,unknown,credit_card,3,85,79,11849.260000000002,3.635294117647059,9.141176470588235
2018-08,RJ,utilidades_domesticas,ALL,3,85,77,11347.210000000003,4.129411764705883,4.847058823529411
2018-05,ALL,ferramentas_jardim,boleto,3,85,61,11294.47,4.352941176470588,9.329411764705883
2017-08,SP,ferramentas_jardim,ALL,3,85,70,10543.060000000001,4.423529411764706,4.1647058823529415
2018-02,MG,cama_mesa_banho,ALL,3,85,67,10435.42,3.6470588235294117,13.952941176470588
2017-09,RJ,ALL,voucher,3,85,27,9231.990000000002,4.552941176470588,10.647058823529411
2018-01,MG,moveis_decoracao,ALL,3,85,60,8530.929999999998,4.270588235294118,7.329411764705882
2018-01,ALL,fashion_bolsas_e_acessorios,credit_card,3,85,80,7710.62,4.3882352941176475,9.070588235294117
2018-07,ALL,cool_stuff,credit_card,3,84,83,26062.48,4.285714285714286,6.035714285714286
ALL,PA,beleza_saude,credit_card,3,84,81,23430.81,3.857142857142857,21.404761904761905
2017-09,ALL,automotivo,credit_card,3,84,73,14224.56,3.9166666666666665,8.607142857142858
2017-11,RJ,brinquedos,ALL,3,84,76,14220.169999999998,3.7261904761904763,11.880952380952381
2017-11,ALL,relogios_presentes,boleto,3,84,73,13587.579999999998,4.059523809523809,9.904761904761905
2017-01,RJ,ALL,credit_card,3,84,73,12230.140000000001,3.6666666666666665,11.642857142857142
2018-04,SP,pet_shop,ALL,3,84,72,10037.05,4.226190476190476,4.7023809523809526
ALL,MG,perfumaria,boleto,3,84,77,9096.779999999999,4.4523809523809526,7.940476190476191
2018-01,SP,ferramentas_jardim,ALL,3,84,67,7874.7300000000005,4.309523809523809,6.369047619047619
2017-04,SP,utilidades_domesticas,ALL,3,84,59,6779.669999999999,4.095238095238095,7.345238095238095
ALL,MG,eletronicos,boleto,3,84,73,5560.1399999999985,3.9761904761904763,8.428571428571429
ALL,SP,relogios_presentes,voucher,3,83,71,16071.8,3.8795180722891565,5.698795180722891
2017-09,GO,ALL,credit_card,3,83,65,14866.769999999999,3.9397590361445785,9.44578313253012
2018-06,GO,ALL,credit_card,3,83,78,13787.25,4.144578313253012,8.987951807228916
2017-02,RS,ALL,credit_card,3,83,75,13761.47,4.168674698795181,10.44578313253012
2017-07,MG,cama_mesa_banho,ALL,3,83,62,12635.88,3.602409638554217,8.650602409638553
2018-06,SP,perfumaria,ALL,3,83,74,12285.189999999999,4.228915662650603,3.5783132530120483
ALL,BA,informatica_acessorios,boleto,3,83,58,10730.240000000002,3.9156626506024095,11.91566265060241
2018-08,SP,alimentos,ALL,3,83,69,6075.88,4.349397590361446,2.5903614457831323
2018-02,ALL,moveis_escritorio,credit_card,3,82,55,17256.48,2.8292682926829267,16.70731707317073
2018-08,RJ,beleza_saude,ALL,3,82,72,14900.970000000003,4.158536585365853,4.865853658536586
2018-01,SP,bebes,ALL,3,82,74,14492.460000000003,4.219512195121951,7.426829268292683
ALL,SP,ferramentas_jardim,voucher,3,82,37,10186.87,3.7804878048780486,6.878048780487805
2017-10,ALL,moveis_decoracao,boleto,3,82,56,9536.57,3.5365853658536586,7.841463414634147
2018-02,ALL,pet_shop,credit_card,3,82,72,9069.890000000001,3.841463414634146,10.78048780487805
2017-05,ALL,fashion_bolsas_e_acessorios,credit_card,3,82,69,7043.049999999999,4.121951219512195,8.682926829268293
2018-04,SP,cool_stuff,ALL,3,81,77,14935.150000000001,4.333333333333333,4.814814814814815
2017-03,SP,esporte_lazer,ALL,3,81,65,14562.710000000001,4.296296296296297,5.679012345679013
2017-03,SP,ferramentas_jardim,ALL,3,81,41,11888.58,3.888888888888889,6.604938271604938
2017-08,ALL,beleza_saude,boleto,3,81,77,11811.31,4.407407407407407,6.753086419753086
2017-04,SP,ALL,voucher,3,81,46,11125.960000000001,4.098765432098766,7.580246913580247
ALL,PE,moveis_decoracao,credit_card,3,81,57,10524.79,3.45679012345679,15.753086419753087
2017-04,SP,moveis_decoracao,ALL,3,81,61,9666.830000000002,3.802469135802469,6.753086419753086
2018-03,RS,ALL,boleto,3,81,76,9605.75,3.654320987654321,16.938271604938272
2017-08,DF,ALL,credit_card,3,81,68,9319.67,4.1234567901234565,7.469135802469136
2018-05,RJ,cama_mesa_banho,ALL,3,81,65,9273.86,3.7901234567901234,11.790123456790123
2017-06,ALL,cama_mesa_banho,boleto,3,81,67,9027.48,3.962962962962963,9.37037037037037
2018-05,RJ,moveis_decoracao,ALL,3,81,57,8286.81,3.8641975308641974,10.098765432098766
2017-10,ALL,fashion_bolsas_e_acessorios,credit_card,3,81,70,7829.96,4.0246913580246915,6.098765432098766
2018-06,RJ,relogios_presentes,ALL,3,80,76,19613.82,3.8875,7.225
2018-06,ALL,cool_stuff,credit_card,3,80,78,17471.5,4.3125,9.3875
ALL,RS,pet_shop,credit_card,3,80,67,12864.98,4.3,10.225
2017-04,RJ,ALL,boleto,3,80,67,10815.380000000001,4.1875,9.15
2018-07,RJ,beleza_saude,ALL,3,80,67,10388.52,4.3,5.5625
2018-06,RS,ALL,boleto,3,80,71,10143.16,4.425,9.375
2017-09,ALL,beleza_saude,boleto,3,80,73,9672.02,4.1125,6.4
ALL,SP,cama_mesa_banho,debit_card,3,80,65,9661.41,4.325,4.7875
ALL,MG,cama_mesa_banho,voucher,3,80,44,9379.439999999999,3.3375,8.9875
2018-04,ALL,fashion_bolsas_e_acessorios,credit_card,3,80,70,9038.32,4.2625,6.9875
ALL,RJ,moveis_decoracao,voucher,3,80,35,8703.760000000002,4.2125,12.525
2018-04,MG,moveis_decoracao,ALL,3,80,55,8201.19,3.675,7.7
2018-04,SP,perfumaria,ALL,3,80,72,7895.299999999999,4.125,3.4375
2017-11,ALL,telefonia,boleto,3,80,71,7285.01,3.8,9.3625
2018-03,ALL,utilidades_domesticas,boleto,3,80,61,7266.950000000001,3.8875,10.1125
2018-02,RJ,moveis_decoracao,ALL,3,80,59,7156.71,2.925,18.375
ALL,SP,livros_tecnicos,credit_card,3,80,78,6700.47,4.55,5.9625
ALL,PR,fashion_bolsas_e_acessorios,credit_card,3,80,72,6422.670000000001,4.225,8.4125
2017-03,ALL,perfumaria,credit_card,3,79,79,17788.109999999997,4.253164556962025,7.620253164556962
2018-04,RJ,relogios_presentes,ALL,3,79,70,14234.38,4.075949367088608,8.518987341772151
2018-01,MG,esporte_lazer,ALL,3,79,73,13778.8,4.050632911392405,8.924050632911392
2017-08,PE,ALL,credit_card,3,79,71,13557.62,3.848101265822785,18.126582278481013
2017-08,ES,ALL,credit_card,3,79,70,12289.16,4.151898734177215,9.39240506329114
ALL,ES,ferramentas_jardim,credit_card,3,79,64,11427.739999999998,4.3164556962025316,11.455696202531646
2018-02,MG,esporte_lazer,ALL,3,79,68,10682.03,3.6582278481012658,11.620253164556962
ALL,RJ,automotivo,boleto,3,79,75,10011.85,4.151898734177215,11.405063291139241
2018-04,MG,cama_mesa_banho,ALL,3,79,59,9185.630000000003,3.632911392405063,9.734177215189874
2018-02,ALL,fashion_bolsas_e_acessorios,credit_card,3,79,76,8544.65,4.075949367088608,10.531645569620252
ALL,CE,telefonia,credit_card,3,79,73,8410.240000000002,3.632911392405063,15.215189873417721
2018-08,ALL,automotivo,boleto,3,79,70,8054.67,4.3164556962025316,5.291139240506329
2018-08,RJ,cama_mesa_banho,ALL,3,79,72,7646.96,3.6962025316455698,7.1265822784810124
ALL,SP,brinquedos,voucher,3,79,53,6992.02,4.544303797468355,4.0
2017-08,ALL,fashion_bolsas_e_acessorios,credit_card,3,79,68,6739.490000000001,4.2025316455696204,5.632911392405063
2018-01,ALL,cama_mesa_banho,voucher,3,79,32,6612.3899999999985,3.1392405063291138,10.037974683544304
2018-02,ALL,eletronicos,boleto,3,79,71,4588.409999999999,3.8734177215189876,14.518987341772151
2018-07,CE,ALL,credit_card,3,78,65,15276.610000000002,4.166666666666667,10.282051282051283
2018-02,SP,cool_stuff,ALL,3,78,73,14645.08,4.243589743589744,6.282051282051282
2017-03,BA,ALL,credit_card,3,78,68,13335.03,3.7051282051282053,17.564102564102566
2017-05,RJ,ALL,boleto,3,78,69,12601.560000000003,4.217948717948718,6.6923076923076925
2017-12,RS,ALL,boleto,3,78,71,12004.74,3.6794871794871793,15.576923076923077
ALL,DF,brinquedos,credit_card,3,78,73,11825.96,3.8846153846153846,8.23076923076923
ALL,CE,esporte_lazer,credit_card,3,78,74,11440.210000000003,3.9615384615384617,17.141025641025642
2018-04,MG,informatica_acessorios,ALL,3,78,71,10349.459999999997,4.141025641025641,6.910256410256411
2017-05,SP,brinquedos,ALL,3,78,74,8782.270000000004,4.397435897435898,4.256410256410256
2018-03,RJ,moveis_decoracao,ALL,3,78,54,8549.189999999997,2.8205128205128207,18.166666666666668
2018-08,RS,ALL,boleto,3,78,67,8539.81,4.294871794871795,6.871794871794871
2017-06,MG,ALL,boleto,3,78,65,8518.21,4.17948717948718,7.987179487179487
ALL,SP,beleza_saude,debit_card,3,78,71,8510.94,4.384615384615385,3.9615384615384617
2017-10,ALL,beleza_saude,boleto,3,78,67,8289.88,4.089743589743589,9.076923076923077
ALL,BA,eletronicos,credit_card,3,78,72,6739.330000000001,3.9743589743589745,15.243589743589743
2017-02,ALL,telefonia,credit_card,3,78,69,6407.420000000001,4.0,10.679487179487179
2017-11,SP,eletronicos,ALL,3,78,62,5987.880000000002,4.102564102564102,4.910256410256411
2017-05,SP,telefonia,ALL,3,78,68,4394.429999999999,3.91025641025641,3.8846153846153846
2018-04,SP,eletronicos,ALL,3,78,75,3794.5600000000004,4.461538461538462,3.3461538461538463
ALL,SC,bebes,credit_card,3,77,73,15834.579999999996,4.012987012987013,9.428571428571429
2017-09,CE,ALL,credit_card,3,77,62,15482.699999999999,3.727272727272727,10.974025974025974
2018-01,RJ,esporte_lazer,ALL,3,77,68,13226.53,3.688311688311688,13.87012987012987
2017-08,SP,relogios_presentes,ALL,3,77,73,12255.4,4.48051948051948,3.7012987012987013
2017-03,SP,beleza_saude,ALL,3,77,71,10510.259999999998,4.402597402597403,5.7272727272727275
ALL,ES,brinquedos,credit_card,3,77,72,10461.54,4.064935064935065,9.662337662337663
ALL,SP,telefonia_fixa,credit_card,3,77,72,9974.86,4.012987012987013,4.51948051948052
ALL,SP,automotivo,voucher,3,77,52,9944.779999999999,4.441558441558442,4.0
2018-04,RJ,esporte_lazer,ALL,3,77,66,9704.8,3.7532467532467533,9.844155844155845
2017-08,RJ,cama_mesa_banho,ALL,3,77,70,9603.11,3.987012987012987,10.584415584415584
2017-01,SP,ALL,boleto,3,77,63,9580.48,4.1558441558441555,4.922077922077922
2017-07,RS,ALL,boleto,3,77,64,8673.79,4.35064935064935,11.35064935064935
2018-02,ALL,ferramentas_jardim,boleto,3,77,63,8066.4000000000015,4.012987012987013,10.519480519480519
2017-06,RS,ALL,boleto,3,77,61,7994.619999999999,4.454545454545454,8.38961038961039
2017-07,ALL,pet_shop,credit_card,3,77,60,7633.43,3.727272727272727,7.623376623376624
2018-07,ALL,automotivo,boleto,3,77,72,7542.7300000000005,4.35064935064935,5.9480519480519485
2018-08,ALL,moveis_decoracao,boleto,3,77,62,7287.9,3.9220779220779223,4.961038961038961
ALL,MG,eletrodomesticos,credit_card,3,77,71,6780.48,3.688311688311688,7.675324675324675
2017-11,ALL,utilidades_domesticas,boleto,3,77,57,5844.580000000002,4.103896103896104,7.454545454545454
ALL,RS,telefonia,boleto,3,77,74,4862.610000000001,4.0,11.909090909090908
2018-06,SP,telefonia,ALL,3,77,73,4471.119999999999,4.12987012987013,3.1948051948051948
2017-11,ALL,moveis_escritorio,credit_card,3,76,56,17424.34,2.9210526315789473,11.460526315789474
2017-10,ALL,moveis_escritorio,credit_card,3,76,45,16443.039999999997,3.1842105263157894,7.578947368421052
2017-09,PE,ALL,credit_card,3,76,58,16130.530000000002,3.986842105263158,12.276315789473685
2018-03,ALL,moveis_escritorio,boleto,3,76,50,15649.62,2.9078947368421053,9.263157894736842
ALL,CE,informatica_acessorios,credit_card,3,76,64,13849.340000000004,3.460526315789474,17.789473684210527
2017-12,RJ,brinquedos,ALL,3,76,74,11747.12,3.4473684210526314,16.17105263157895
2017-06,RJ,ALL,boleto,3,76,71,11536.93,4.105263157894737,9.802631578947368
ALL,SP,malas_acessorios,boleto,3,76,70,10668.580000000002,4.565789473684211,4.7368421052631575
ALL,PE,cama_mesa_banho,credit_card,3,76,67,10666.000000000002,3.9210526315789473,16.43421052631579
ALL,GO,automotivo,credit_card,3,76,54,10058.859999999999,4.2894736842105265,9.171052631578947
2018-04,ALL,utilidades_domesticas,boleto,3,76,64,9969.92,4.223684210526316,5.921052631578948
ALL,SP,unknown,voucher,3,76,35,9567.92,3.8421052631578947,5.342105263157895
2017-10,ALL,consoles_games,credit_card,3,76,73,9189.950000000003,4.197368421052632,8.56578947368421
2018-08,PR,ALL,boleto,3,76,71,8941.86,4.368421052631579,5.118421052631579
ALL,BA,fashion_bolsas_e_acessorios,credit_card,3,76,64,8259.73,3.8552631578947367,14.355263157894736
2017-07,ALL,moveis_decoracao,boleto,3,76,57,7020.63,3.9078947368421053,8.06578947368421
2017-06,ALL,informatica_acessorios,boleto,3,75,62,13638.069999999998,3.8533333333333335,7.586666666666667
2018-04,ALL,construcao_ferramentas_construcao,credit_card,3,75,62,13253.349999999999,4.293333333333333,5.84
2018-01,ALL,pet_shop,credit_card,3,75,63,11350.64,4.08,10.56
2017-09,ES,ALL,credit_card,3,75,69,10466.13,4.08,9.426666666666666
ALL,RS,ferramentas_jardim,boleto,3,75,57,10094.899999999996,3.546666666666667,11.653333333333334
2017-09,MG,cama_mesa_banho,ALL,3,75,62,9839.71,4.066666666666666,6.76
2018-04,SC,ALL,boleto,3,75,52,9400.489999999998,3.986666666666667,10.293333333333333
ALL,SC,esporte_lazer,boleto,3,75,68,8429.7,4.2,9.72
2017-02,SP,cama_mesa_banho,ALL,3,75,59,8136.56,4.1466666666666665,6.226666666666667
2018-06,ALL,esporte_lazer,boleto,3,75,69,7828.380000000001,4.36,5.96
2018-02,ALL,telefonia,boleto,3,75,75,3963.7899999999995,3.76,14.96
2017-07,DF,ALL,credit_card,3,74,60,11151.710000000001,4.4324324324324325,8.22972972972973
2018-08,MG,cama_mesa_banho,ALL,3,74,59,8978.06,3.72972972972973,4.945945945945946
2017-08,SP,brinquedos,ALL,3,74,66,7950.62,4.4324324324324325,4.378378378378378
ALL,SP,fashion_calcados,credit_card,3,74,65,6723.219999999999,4.256756756756757,5.648648648648648
2018-06,SP,eletronicos,ALL,3,74,67,4940.799999999999,4.527027027027027,3.175675675675676
ALL,GO,cool_stuff,credit_card,3,73,60,19694.25,4.068493150684931,8.917808219178083
ALL,PE,automotivo,credit_card,3,73,70,12652.939999999999,3.8493150684931505,13.191780821917808
2017-08,CE,ALL,credit_card,3,73,61,12476.029999999999,4.342465753424658,11.657534246575343
2018-08,PE,ALL,credit_card,3,73,66,12452.880000000001,4.109589041095891,9.315068493150685
2018-01,SP,brinquedos,ALL,3,73,66,11782.4,4.054794520547945,5.315068493150685
2017-09,SP,bebes,ALL,3,73,65,11366.880000000001,3.904109589041096,4.890410958904109
2017-02,ALL,informatica_acessorios,credit_card,3,73,67,11218.78,4.054794520547945,8.698630136986301
2018-04,ALL,relogios_presentes,boleto,3,73,66,11200.25,4.164383561643835,9.095890410958905
2018-02,SP,bebes,ALL,3,73,70,10989.62,4.205479452054795,7.260273972602739
ALL,PE,informatica_acessorios,credit_card,3,73,69,10471.35,4.068493150684931,12.602739726027398
ALL,CE,moveis_decoracao,credit_card,3,73,58,9900.109999999999,3.410958904109589,16.63013698630137
2017-10,ES,ALL,credit_card,3,73,65,9527.539999999999,4.205479452054795,11.095890410958905
2018-04,RJ,ALL,voucher,3,73,40,8470.52,3.684931506849315,12.424657534246576
ALL,CE,cama_mesa_banho,credit_card,3,73,58,8343.1,3.8219178082191783,17.972602739726028
2018-06,ALL,moveis_decoracao,boleto,3,73,58,8255.740000000002,4.328767123287672,5.5479452054794525
2017-10,ALL,papelaria,credit_card,3,73,67,8176.17,3.6301369863013697,7.780821917808219
2018-01,RJ,beleza_saude,ALL,3,73,63,7898.119999999999,3.835616438356164,9.356164383561644
2018-02,SP,brinquedos,ALL,3,73,68,7886.44,3.808219178082192,6.6438356164383565
2017-07,SP,ferramentas_jardim,ALL,3,73,59,7671.4800000000005,4.109589041095891,5.232876712328767
2017-07,ALL,eletronicos,credit_card,3,73,66,7350.080000000001,4.2465753424657535,8.26027397260274
ALL,MG,instrumentos_musicais,credit_card,3,72,60,27401.23,4.277777777777778,9.472222222222221
2017-12,ALL,relogios_presentes,boleto,3,72,67,16219.220000000001,3.7777777777777777,11.041666666666666
2017-03,ALL,brinquedos,credit_card,3,72,70,11841.68,4.486111111111111,9.875
2017-12,ALL,informatica_acessorios,boleto,3,72,64,9011.03,4.347222222222222,11.152777777777779
2018-07,RJ,ALL,voucher,3,72,38,8824.740000000002,3.7083333333333335,8.194444444444445
2018-01,RJ,ALL,voucher,3,72,44,8174.539999999999,4.041666666666667,11.694444444444445
2017-02,SP,beleza_saude,ALL,3,72,62,7964.76,4.152777777777778,5.666666666666667
2017-10,ALL,ferramentas_jardim,boleto,3,72,51,7124.4,4.208333333333333,9.333333333333334
2017-10,MG,esporte_lazer,ALL,3,72,58,6231.67,4.361111111111111,5.944444444444445
2018-02,SP,papelaria,ALL,3,72,53,5842.24,3.8333333333333335,5.472222222222222
ALL,RJ,eletroportateis,credit_card,3,71,68,29712.77,4.295774647887324,9.80281690140845
2017-09,SP,cool_stuff,ALL,3,71,68,14546.96,4.380281690140845,4.661971830985915
2017-07,PE,ALL,credit_card,3,71,62,10629.809999999998,3.732394366197183,18.549295774647888
2018-05,MG,beleza_saude,ALL,3,71,59,10320.749999999995,4.140845070422535,10.366197183098592
2017-06,ES,ALL,credit_card,3,71,64,10313.0,4.309859154929577,11.774647887323944
2017-08,ALL,pet_shop,credit_card,3,71,61,10125.81,4.225352112676056,5.47887323943662
ALL,DF,perfumaria,credit_card,3,71,66,9650.550000000001,4.154929577464789,8.985915492957746
2017-07,RJ,esporte_lazer,ALL,3,71,53,8961.519999999999,3.492957746478873,9.619718309859154
2017-12,ALL,consoles_games,credit_card,3,71,65,8111.83,4.169014084507042,10.915492957746478
2018-06,ALL,fashion_bolsas_e_acessorios,credit_card,3,71,67,7986.650000000001,4.492957746478873,6.394366197183099
ALL,MG,bebes,boleto,3,71,61,7984.01,4.0,7.816901408450704
2017-05,ALL,unknown,credit_card,3,71,63,7704.14,4.084507042253521,7.098591549295775
2017-12,SP,unknown,ALL,3,71,59,7603.91,3.1690140845070425,4.929577464788732
2018-04,ALL,telefonia,boleto,3,71,52,7197.570000000001,3.676056338028169,7.338028169014085
ALL,RJ,utilidades_domesticas,voucher,3,71,40,6582.270000000001,3.8309859154929575,14.295774647887324
2017-08,ALL,cama_mesa_banho,voucher,3,71,17,4397.720000000001,4.605633802816901,5.28169014084507
ALL,SP,agro_industria_e_comercio,credit_card,3,70,64,23194.429999999997,4.142857142857143,4.957142857142857
2018-03,RJ,relogios_presentes,ALL,3,70,61,15175.500000000002,2.9285714285714284,22.942857142857143
ALL,PA,informatica_acessorios,credit_card,3,70,64,12287.18,3.8,20.242857142857144
2017-11,ALL,pet_shop,credit_card,3,70,59,10746.319999999998,4.114285714285714,9.8
2017-12,MG,brinquedos,ALL,3,70,61,10216.57,4.171428571428572,9.528571428571428
2017-11,MG,brinquedos,ALL,3,70,56,10195.740000000002,4.3428571428571425,9.528571428571428
ALL,SC,papelaria,credit_card,3,70,65,8921.31,4.328571428571428,13.442857142857143
2018-06,RJ,utilidades_domesticas,ALL,3,70,55,8679.899999999998,3.6,9.071428571428571
2017-09,RS,ALL,boleto,3,70,62,7351.08,4.042857142857143,10.542857142857143
2017-10,ALL,utilidades_domesticas,boleto,3,70,47,4620.849999999999,4.414285714285715,5.371428571428571
2017-04,ALL,relogios_presentes,credit_card,3,69,66,18849.66,4.028985507246377,9.521739130434783
2018-06,CE,ALL,credit_card,3,69,61,17876.97,4.2898550724637685,11.318840579710145
ALL,PE,cool_stuff,credit_card,3,69,63,15382.750000000002,4.27536231884058,14.710144927536232
2018-05,CE,ALL,credit_card,3,69,68,14563.69,4.27536231884058,18.666666666666668
ALL,BA,moveis_escritorio,credit_card,3,69,44,14298.56,3.63768115942029,17.057971014492754
2017-05,GO,ALL,credit_card,3,69,60,12473.310000000001,4.130434782608695,11.159420289855072
2018-07,RJ,relogios_presentes,ALL,3,69,69,12383.12,3.8840579710144927,6.188405797101449
ALL,PR,relogios_presentes,boleto,3,69,51,10468.029999999999,3.449275362318841,7.782608695652174
ALL,GO,perfumaria,credit_card,3,69,62,10241.339999999998,4.188405797101449,10.971014492753623
2017-04,SP,beleza_saude,ALL,3,69,63,9821.7,4.159420289855072,6.971014492753623
ALL,SC,pet_shop,credit_card,3,69,63,9382.31,4.144927536231884,10.826086956521738
2018-04,RJ,moveis_decoracao,ALL,3,69,56,8933.240000000002,3.710144927536232,12.173913043478262
2017-02,SP,esporte_lazer,ALL,3,69,55,8647.09,4.260869565217392,5.449275362318841
2018-07,SP,brinquedos,ALL,3,69,66,8470.33,4.260869565217392,3.4927536231884058
ALL,RS,unknown,credit_card,3,69,64,7874.9299999999985,3.9130434782608696,9.826086956521738
2018-02,RS,informatica_acessorios,ALL,3,69,43,7672.62,3.318840579710145,13.173913043478262
2017-09,ALL,moveis_decoracao,boleto,3,69,56,7366.2699999999995,4.217391304347826,8.333333333333334
2018-06,PR,ALL,boleto,3,69,61,7365.06,4.405797101449275,6.0
2017-05,ALL,cama_mesa_banho,boleto,3,69,62,6925.000000000001,4.086956521739131,8.753623188405797
2017-07,ES,ALL,credit_card,3,69,60,6544.36,3.927536231884058,10.898550724637682
ALL,SP,bebes,voucher,3,69,45,6318.86,4.188405797101449,6.028985507246377
2018-01,MT,ALL,credit_card,3,68,60,11933.53,4.0588235294117645,15.25
2017-09,SP,ferramentas_jardim,ALL,3,68,55,11175.980000000001,4.426470588235294,5.5
2018-04,RJ,beleza_saude,ALL,3,68,61,10597.019999999999,4.117647058823529,10.779411764705882
2017-12,ALL,automotivo,boleto,3,68,56,10562.05,4.044117647058823,11.882352941176471
2018-03,RJ,beleza_saude,ALL,3,68,60,10168.6,3.5294117647058822,19.441176470588236
ALL,BA,beleza_saude,boleto,3,68,66,9989.159999999998,3.75,15.147058823529411
2017-10,RJ,esporte_lazer,ALL,3,68,60,8661.92,4.235294117647059,9.867647058823529
2017-12,MG,esporte_lazer,ALL,3,68,55,7881.070000000001,3.8676470588235294,9.014705882352942
ALL,SP,artes,credit_card,3,68,63,6658.48,3.661764705882353,3.661764705882353
2018-02,ALL,utilidades_domesticas,boleto,3,68,50,6385.200000000001,3.823529411764706,10.294117647058824
2017-09,ALL,ferramentas_jardim,boleto,3,68,49,6277.96,4.25,8.926470588235293
ALL,DF,telefonia,credit_card,3,68,60,5567.660000000002,4.25,8.338235294117647
2018-07,ALL,eletrodomesticos,credit_card,3,68,63,5216.74,4.367647058823529,4.5
2018-07,SP,eletronicos,ALL,3,68,61,4273.139999999999,4.161764705882353,3.573529411764706
2017-03,ALL,relogios_presentes,credit_card,3,67,62,26570.010000000002,4.253731343283582,11.253731343283581
2017-11,RJ,relogios_presentes,ALL,3,67,59,17867.919999999995,3.298507462686567,15.895522388059701
ALL,PB,beleza_saude,credit_card,3,67,65,16395.77,3.9402985074626864,16.059701492537314
ALL,PR,moveis_escritorio,credit_card,3,67,36,15932.71,3.208955223880597,8.298507462686567
ALL,ES,automotivo,credit_card,3,67,60,13690.220000000001,4.014925373134329,10.626865671641792
2018-03,PA,ALL,credit_card,3,67,59,13493.87,2.328358208955224,34.26865671641791
ALL,PA,esporte_lazer,credit_card,3,67,58,12951.54,3.582089552238806,22.08955223880597
2018-05,MG,relogios_presentes,ALL,3,67,64,11929.25,3.925373134328358,10.164179104477611
2017-03,SP,informatica_acessorios,ALL,3,67,54,10710.700000000003,3.746268656716418,5.686567164179104
2017-12,RJ,esporte_lazer,ALL,3,67,59,10374.94,3.6865671641791047,17.119402985074625
2017-09,ALL,brinquedos,boleto,3,67,59,9071.51,3.955223880597015,9.537313432835822
ALL,RJ,eletrodomesticos,credit_card,3,67,63,8961.04,4.149253731343284,9.805970149253731
2017-09,ALL,informatica_acessorios,boleto,3,67,52,8632.2,3.5970149253731343,7.537313432835821
2017-06,ALL,esporte_lazer,boleto,3,67,56,8585.73,4.298507462686567,11.0
2018-08,MG,utilidades_domesticas,ALL,3,67,65,8464.920000000002,4.313432835820896,4.686567164179104
ALL,PR,pet_shop,credit_card,3,67,61,8406.91,4.104477611940299,8.432835820895523
2018-05,MG,utilidades_domesticas,ALL,3,67,45,8378.85,3.746268656716418,9.059701492537313
2017-11,RJ,informatica_acessorios,ALL,3,67,56,8213.58,3.746268656716418,13.149253731343284
2017-08,ALL,consoles_games,credit_card,3,67,61,7926.56,4.343283582089552,7.388059701492537
2018-02,RJ,utilidades_domesticas,ALL,3,67,42,7895.98,3.208955223880597,19.582089552238806
2018-08,ALL,relogios_presentes,boleto,3,67,64,7859.58,4.298507462686567,5.7164179104477615
2017-11,PR,moveis_decoracao,ALL,3,67,32,6759.790000000001,3.8208955223880596,8.865671641791044
ALL,MG,moveis_decoracao,voucher,3,67,34,6669.22,4.373134328358209,8.761194029850746
2017-02,MG,ALL,boleto,3,67,63,6540.7300000000005,3.8059701492537314,9.417910447761194
2017-12,PR,ALL,boleto,3,67,58,6124.32,3.611940298507463,9.328358208955224
2018-04,SP,papelaria,ALL,3,67,58,5871.5999999999985,4.298507462686567,4.08955223880597
2017-03,ALL,automotivo,credit_card,3,66,58,12745.85,4.03030303030303,7.954545454545454
2017-09,RJ,beleza_saude,ALL,3,66,57,10681.130000000001,4.166666666666667,7.7272727272727275
2018-01,ALL,relogios_presentes,boleto,3,66,52,10352.18,3.4393939393939394,8.196969696969697
2018-03,RJ,ALL,voucher,3,66,33,10117.259999999998,3.893939393939394,15.303030303030303
2017-08,ALL,cool_stuff,boleto,3,66,56,9956.749999999998,4.575757575757576,7.348484848484849
2017-05,PR,ALL,boleto,3,66,53,9212.310000000001,4.515151515151516,7.696969696969697
2017-10,RJ,moveis_decoracao,ALL,3,66,46,8207.18,3.4242424242424243,9.924242424242424
2017-11,MG,utilidades_domesticas,ALL,3,66,46,7609.929999999999,3.8636363636363638,8.212121212121213
ALL,SP,informatica_acessorios,debit_card,3,66,64,7480.42,3.757575757575758,4.954545454545454
2018-03,SP,pet_shop,ALL,3,66,51,7368.44,4.166666666666667,8.393939393939394
2017-06,ALL,fashion_bolsas_e_acessorios,credit_card,3,66,61,6970.179999999999,4.03030303030303,7.409090909090909
2017-09,SP,perfumaria,ALL,3,66,56,6847.9,4.348484848484849,4.46969696969697
2018-04,ALL,automotivo,boleto,3,66,64,6716.23,4.181818181818182,9.515151515151516
2017-10,PE,ALL,credit_card,3,65,61,17836.31,4.415384615384616,13.23076923076923
2017-04,ALL,automotivo,credit_card,3,65,59,14136.33,3.876923076923077,11.046153846153846
2017-07,SP,relogios_presentes,ALL,3,65,54,13771.56,3.923076923076923,4.861538461538461
2018-05,MT,ALL,credit_card,3,65,55,13576.57,4.2615384615384615,13.261538461538462
2018-06,MG,relogios_presentes,ALL,3,65,61,12516.32,4.338461538461538,5.861538461538461
2017-03,ALL,moveis_escritorio,credit_card,3,65,49,12425.47,3.169230769230769,13.246153846153845
2018-08,SP,cool_stuff,ALL,3,65,64,11057.09,3.8615384615384616,3.2153846153846155
2018-01,SP,malas_acessorios,ALL,3,65,58,10283.94,4.292307692307692,4.2615384615384615
ALL,BA,perfumaria,credit_card,3,65,64,9995.1,4.1692307692307695,14.723076923076922
ALL,RS,cool_stuff,boleto,3,65,62,9819.43,4.384615384615385,9.63076923076923
ALL,SC,utilidades_domesticas,boleto,3,65,55,8483.779999999999,4.061538461538461,11.723076923076922
2018-01,RJ,moveis_decoracao,ALL,3,65,50,8318.07,3.4461538461538463,17.153846153846153
2018-03,PR,esporte_lazer,ALL,3,65,46,6752.780000000001,3.3230769230769233,8.815384615384616
2017-08,RJ,moveis_decoracao,ALL,3,65,51,6616.3,3.6,8.523076923076923
2018-05,SP,papelaria,ALL,3,65,63,6461.579999999999,4.3076923076923075,5.030769230769231
ALL,SC,cama_mesa_banho,boleto,3,65,50,6276.700000000001,3.646153846153846,9.876923076923077
2018-01,RS,cama_mesa_banho,ALL,3,65,38,6181.61,3.0,17.092307692307692
2017-05,ALL,utilidades_domesticas,boleto,3,65,60,5851.679999999999,4.184615384615385,6.723076923076923
ALL,RJ,perfumaria,boleto,3,65,54,5449.5,3.6769230769230767,7.323076923076923
2017-11,SP,unknown,ALL,3,65,54,5428.110000000001,3.9384615384615387,5.2615384615384615
2017-07,ALL,beleza_saude,boleto,3,65,59,5243.23,4.076923076923077,5.584615384615384
2018-02,RJ,eletronicos,ALL,3,65,61,4991.469999999999,3.5384615384615383,20.03076923076923
2018-08,SP,fashion_bolsas_e_acessorios,ALL,3,65,61,4564.83,4.2153846153846155,3.0153846153846153
ALL,SP,alimentos,boleto,3,65,60,3928.13,4.184615384615385,3.923076923076923
2018-01,RJ,eletronicos,ALL,3,65,52,3636.63,4.015384615384615,12.323076923076924
ALL,RJ,instrumentos_musicais,credit_card,3,64,59,20757.03,3.703125,12.453125
2017-06,SP,cool_stuff,ALL,3,64,62,16471.29,4.375,5.796875
ALL,MT,beleza_saude,credit_card,3,64,60,14280.599999999999,4.03125,13.890625
2018-04,MG,beleza_saude,ALL,3,64,61,12769.2,4.359375,7.5625
2017-07,GO,ALL,credit_card,3,64,58,8339.35,4.46875,11.0625
2018-02,RJ,ALL,voucher,3,64,38,8288.31,3.296875,22.625
2017-05,MG,cama_mesa_banho,ALL,3,64,55,8044.29,4.1875,7.953125
2017-12,MG,cama_mesa_banho,ALL,3,64,54,7312.310000000001,4.25,11.53125
2017-11,SP,papelaria,ALL,3,64,59,6317.13,4.40625,6.65625
ALL,SC,beleza_saude,boleto,3,64,58,6285.200000000001,4.234375,10.03125
ALL,SP,sinalizacao_e_seguranca,credit_card,3,64,43,6111.460000000001,4.328125,3.390625
ALL,MG,brinquedos,boleto,3,64,61,5668.71,4.234375,8.28125
2017-08,ALL,unknown,credit_card,3,64,53,5660.1,4.0625,6.859375
2018-03,ALL,telefonia,boleto,3,64,64,3483.64,3.515625,13.296875
2017-02,ALL,utilidades_domesticas,credit_card,3,63,55,12528.150000000001,3.9047619047619047,7.9523809523809526
2017-06,SP,perfumaria,ALL,3,63,57,12039.060000000001,4.26984126984127,9.333333333333334
2018-07,MG,relogios_presentes,ALL,3,63,61,11633.970000000001,3.8253968253968256,5.7936507936507935
2018-07,RJ,moveis_decoracao,ALL,3,63,51,11407.41,4.190476190476191,6.285714285714286
2018-04,PA,ALL,credit_card,3,63,55,11036.260000000002,3.365079365079365,26.49206349206349
2017-11,PA,ALL,credit_card,3,63,56,10683.6,3.3333333333333335,20.73015873015873
2017-05,SP,perfumaria,ALL,3,63,57,10114.75,3.9682539682539684,5.523809523809524
2017-11,MT,ALL,credit_card,3,63,51,9575.430000000002,3.5555555555555554,15.857142857142858
2018-01,ALL,automotivo,boleto,3,63,57,9193.769999999999,3.9523809523809526,9.666666666666666
2018-04,MG,esporte_lazer,ALL,3,63,57,8767.49,4.380952380952381,7.603174603174603
ALL,PR,utilidades_domesticas,boleto,3,63,50,8331.369999999999,3.6666666666666665,8.904761904761905
2018-01,ALL,cool_stuff,boleto,3,63,58,7841.77,4.301587301587301,9.079365079365079
2017-10,ALL,brinquedos,boleto,3,63,62,7533.6900000000005,4.380952380952381,7.603174603174603
2018-01,ALL,utilidades_domesticas,boleto,3,63,57,7043.919999999999,3.857142857142857,9.619047619047619
2017-10,SP,bebes,ALL,3,63,59,6993.1900000000005,4.396825396825397,4.5396825396825395
2018-04,RJ,utilidades_domesticas,ALL,3,63,55,6793.180000000002,3.746031746031746,12.396825396825397
2018-04,MG,utilidades_domesticas,ALL,3,63,51,6710.010000000002,4.571428571428571,7.476190476190476
2017-08,SP,automotivo,ALL,3,63,55,6573.869999999999,4.285714285714286,3.7301587301587302
2018-06,ALL,cama_mesa_banho,voucher,3,63,38,6490.29,3.888888888888889,7.904761904761905
2017-03,ALL,moveis_decoracao,boleto,3,63,49,6206.93,3.873015873015873,11.682539682539682
2017-12,ALL,utilidades_domesticas,boleto,3,63,46,5791.540000000001,3.7301587301587302,7.238095238095238
2018-03,SP,papelaria,ALL,3,63,53,5490.799999999999,4.0,6.936507936507937
2017-12,ALL,telefonia,boleto,3,63,60,4229.32,4.126984126984127,11.444444444444445
ALL,SP,fashion_bolsas_e_acessorios,voucher,3,63,50,3811.5800000000004,4.380952380952381,5.126984126984127
2018-03,ALL,eletronicos,boleto,3,63,61,3371.3,3.9206349206349205,11.714285714285714
2018-01,PA,ALL,credit_card,3,62,55,12735.730000000003,3.661290322580645,21.870967741935484
2018-07,PR,ALL,boleto,3,62,48,11375.320000000003,4.516129032258065,7.048387096774194
ALL,MA,beleza_saude,credit_card,3,62,56,11145.250000000004,3.4838709677419355,17.741935483870968
ALL,RS,relogios_presentes,boleto,3,62,58,9915.530000000002,4.290322580645161,12.14516129032258
2017-12,CE,ALL,credit_card,3,62,59,9899.699999999999,4.145161290322581,18.048387096774192
2018-01,MG,beleza_saude,ALL,3,62,58,8934.119999999999,4.451612903225806,8.5
2018-05,ALL,automotivo,boleto,3,62,60,8549.51,4.129032258064516,8.806451612903226
ALL,SP,eletrodomesticos,boleto,3,62,57,7412.1900000000005,4.5,5.306451612903226
2018-04,ALL,ferramentas_jardim,boleto,3,62,51,7374.929999999999,4.112903225806452,8.46774193548387
2018-03,SC,ALL,boleto,3,62,57,7179.92,3.903225806451613,12.258064516129032
2017-08,PR,ALL,boleto,3,62,56,6629.099999999999,4.274193548387097,6.854838709677419
2017-06,DF,ALL,credit_card,3,62,51,6579.69,3.806451612903226,10.564516129032258
2018-05,MG,moveis_decoracao,ALL,3,62,52,6318.030000000002,3.9193548387096775,9.741935483870968
2017-11,ALL,perfumaria,boleto,3,62,56,6039.18,3.7903225806451615,8.403225806451612
2017-06,ALL,moveis_decoracao,boleto,3,62,40,5475.1,4.241935483870968,8.241935483870968
2017-07,SP,telefonia,ALL,3,62,49,5262.130000000001,4.112903225806452,3.6774193548387095
2017-06,ALL,utilidades_domesticas,boleto,3,62,54,4693.45,4.419354838709677,7.0
ALL,SP,eletrodomesticos_2,credit_card,3,61,61,29129.969999999998,4.049180327868853,5.524590163934426
2018-03,ALL,relogios_presentes,boleto,3,61,56,12453.000000000004,3.2950819672131146,15.459016393442623
2017-01,ALL,beleza_saude,credit_card,3,61,60,10630.109999999999,4.032786885245901,8.147540983606557
2017-11,BA,ALL,boleto,3,61,45,9755.55,3.6885245901639343,12.721311475409836
2018-05,ALL,casa_construcao,credit_card,3,61,48,9474.51,3.8688524590163933,7.442622950819672
ALL,SP,utilidades_domesticas,debit_card,3,61,56,8804.400000000001,4.311475409836065,3.622950819672131
2018-05,MG,informatica_acessorios,ALL,3,61,47,8278.220000000001,3.540983606557377,7.032786885245901
2017-11,RJ,beleza_saude,ALL,3,61,51,8108.8,3.4262295081967213,11.934426229508198
2017-07,SP,bebes,ALL,3,61,51,8057.610000000001,4.262295081967213,4.19672131147541
2018-04,ALL,unknown,credit_card,3,61,60,7907.779999999999,4.098360655737705,6.409836065573771
2018-08,ALL,malas_acessorios,credit_card,3,61,58,7766.550000000001,4.278688524590164,4.737704918032787
2017-09,MG,esporte_lazer,ALL,3,61,51,7462.710000000001,4.245901639344262,6.213114754098361
2017-12,ALL,pet_shop,credit_card,3,61,58,7400.5,4.213114754098361,10.60655737704918
ALL,SP,pet_shop,voucher,3,61,35,6445.76,4.442622950819672,4.934426229508197
2017-05,ALL,cama_mesa_banho,voucher,3,61,17,5631.210000000001,3.5245901639344264,8.655737704918034
ALL,SP,esporte_lazer,debit_card,3,61,55,5545.68,4.475409836065574,4.360655737704918
2018-04,SP,ALL,debit_card,3,61,48,5414.650000000001,4.540983606557377,2.80327868852459
2017-02,ALL,automotivo,credit_card,3,60,52,11743.630000000001,4.25,10.583333333333334
ALL,DF,cool_stuff,credit_card,3,60,59,11221.670000000002,3.966666666666667,9.6
2018-03,ALL,eletrodomesticos,credit_card,3,60,57,9811.779999999999,3.8833333333333333,9.25
2018-04,ALL,casa_construcao,credit_card,3,60,48,9076.589999999997,3.85,6.35
2017-11,MG,esporte_lazer,ALL,3,60,53,8693.96,4.266666666666667,8.4
2017-12,ALL,brinquedos,boleto,3,60,58,8478.57,3.6333333333333333,12.466666666666667
2017-12,SP,bebes,ALL,3,60,52,8299.73,3.8666666666666667,6.083333333333333
ALL,RS,fashion_bolsas_e_acessorios,credit_card,3,60,56,7729.009999999999,4.233333333333333,12.05
2018-05,MG,esporte_lazer,ALL,3,60,55,7644.119999999999,4.183333333333334,9.583333333333334
2018-07,RJ,utilidades_domesticas,ALL,3,60,52,7280.9400000000005,4.45,5.983333333333333
2018-07,RJ,esporte_lazer,ALL,3,60,47,7035.969999999999,4.2,7.083333333333333
ALL,RJ,bebes,boleto,3,60,57,6467.429999999999,3.7666666666666666,11.583333333333334
2016-10,ALL,moveis_decoracao,credit_card,3,60,40,6426.100000000001,3.6666666666666665,6.016666666666667
2017-11,SP,consoles_games,ALL,3,60,54,6395.340000000001,4.216666666666667,6.45
2017-03,ALL,utilidades_domesticas,boleto,3,60,47,4809.3,4.166666666666667,10.216666666666667
ALL,PR,telefonia,boleto,3,60,50,2845.07,4.066666666666666,9.783333333333333
2017-10,ALL,unknown,credit_card,3,59,53,18196.68,4.0508474576271185,6.1525423728813555
2018-05,SP,construcao_ferramentas_construcao,ALL,3,59,42,11499.130000000001,4.52542372881356,5.0
2017-05,ALL,esporte_lazer,boleto,3,59,53,8416.689999999999,3.8813559322033897,11.847457627118644
2017-08,ALL,ferramentas_jardim,boleto,3,59,49,7693.259999999998,4.4576271186440675,7.135593220338983
ALL,PR,unknown,credit_card,3,59,53,7398.089999999998,4.016949152542373,8.322033898305085
ALL,RJ,casa_construcao,credit_card,3,59,43,7364.990000000001,3.9152542372881354,12.305084745762711
2018-02,MS,ALL,credit_card,3,59,50,7298.249999999999,3.6610169491525424,16.93220338983051
ALL,RS,automotivo,boleto,3,59,54,7261.490000000002,4.288135593220339,11.94915254237288
2018-05,SP,fashion_bolsas_e_acessorios,ALL,3,59,49,7238.010000000001,4.491525423728813,4.4576271186440675
2018-03,BA,ALL,boleto,3,59,48,7039.599999999999,3.406779661016949,16.71186440677966
2018-03,RS,informatica_acessorios,ALL,3,59,46,6618.31,3.542372881355932,16.508474576271187
2017-07,ALL,papelaria,credit_card,3,59,54,6439.849999999999,3.983050847457627,6.898305084745763
ALL,SC,fashion_bolsas_e_acessorios,credit_card,3,59,56,6107.430000000001,4.084745762711864,11.135593220338983
2017-04,RJ,cama_mesa_banho,ALL,3,59,37,5815.470000000001,4.11864406779661,10.76271186440678
2017-09,ALL,unknown,credit_card,3,59,51,5728.029999999999,3.7966101694915255,8.203389830508474
2017-03,MG,moveis_decoracao,ALL,3,59,37,4922.63,3.9322033898305087,7.864406779661017
2017-07,ALL,fashion_bolsas_e_acessorios,credit_card,3,59,54,4858.850000000001,4.288135593220339,7.033898305084746
ALL,AL,beleza_saude,credit_card,3,58,56,13907.640000000001,3.6551724137931036,23.53448275862069
ALL,SP,instrumentos_musicais,boleto,3,58,53,13848.91,4.206896551724138,5.913793103448276
2017-11,MG,informatica_acessorios,ALL,3,58,53,12131.27,3.8620689655172415,9.310344827586206
2017-07,RJ,informatica_acessorios,ALL,3,58,49,11953.48,4.241379310344827,9.155172413793103
2018-06,MT,ALL,credit_card,3,58,47,11267.619999999999,4.0344827586206895,11.689655172413794
ALL,PA,moveis_decoracao,credit_card,3,58,44,9533.060000000001,3.3793103448275863,18.20689655172414
2018-06,ALL,casa_construcao,credit_card,3,58,49,9265.94,4.413793103448276,6.0
2017-07,RJ,ALL,voucher,3,58,31,9228.630000000001,4.327586206896552,7.948275862068965
2017-09,ALL,relogios_presentes,boleto,3,58,57,8770.09,4.310344827586207,7.086206896551724
2017-12,RJ,beleza_saude,ALL,3,58,47,8643.18,3.7758620689655173,10.689655172413794
2018-08,SP,ferramentas_jardim,ALL,3,58,49,8193.449999999999,4.224137931034483,3.689655172413793
2017-03,ALL,informatica_acessorios,boleto,3,58,47,8152.42,3.5517241379310347,11.206896551724139
2017-08,ALL,malas_acessorios,credit_card,3,58,52,7732.3099999999995,4.413793103448276,9.068965517241379
2018-03,ALL,automotivo,boleto,3,58,57,7689.02,3.9482758620689653,13.741379310344827
ALL,PA,telefonia,credit_card,3,58,53,7226.67,3.3275862068965516,18.96551724137931
2017-10,ALL,cama_mesa_banho,voucher,3,58,26,7166.36,3.689655172413793,7.5
ALL,GO,brinquedos,credit_card,3,58,55,6665.96,4.258620689655173,11.258620689655173
ALL,DF,beleza_saude,boleto,3,58,50,6596.76,4.172413793103448,8.741379310344827
ALL,MT,moveis_decoracao,credit_card,3,58,40,6321.03,3.7758620689655173,13.568965517241379
2017-03,MG,cama_mesa_banho,ALL,3,58,38,5929.650000000001,3.5172413793103448,7.655172413793103
2018-01,SP,ALL,debit_card,3,58,51,5026.18,4.5344827586206895,5.172413793103448
ALL,RS,cama_mesa_banho,voucher,3,58,25,4929.21,2.9655172413793105,13.517241379310345
2018-01,SP,fashion_bolsas_e_acessorios,ALL,3,58,48,3342.0000000000005,4.586206896551724,3.4827586206896552
ALL,SP,eletroportateis,boleto,3,57,55,16492.69,4.456140350877193,5.017543859649122
2017-05,ALL,beleza_saude,boleto,3,57,54,12803.740000000002,3.824561403508772,8.157894736842104
2018-04,MT,ALL,credit_card,3,57,53,12226.929999999998,4.473684210526316,14.824561403508772
2018-04,SP,eletrodomesticos,ALL,3,57,52,11432.779999999999,4.385964912280702,2.8596491228070176
2018-05,SP,cool_stuff,ALL,3,57,56,10662.36,4.385964912280702,4.859649122807017
ALL,PE,brinquedos,credit_card,3,57,51,10295.87,4.052631578947368,13.24561403508772
2018-04,SP,moveis_escritorio,ALL,3,57,43,9727.699999999999,3.8596491228070176,3.2280701754385963
ALL,DF,bebes,credit_card,3,57,54,8964.97,3.807017543859649,9.596491228070175
2018-06,ALL,automotivo,boleto,3,57,56,8287.56,4.543859649122807,6.491228070175438
2018-06,RS,cama_mesa_banho,ALL,3,57,39,8200.400000000001,4.491228070175438,8.859649122807017
2017-03,DF,ALL,credit_card,3,57,44,8131.220000000001,4.368421052631579,8.052631578947368
2018-05,PR,ALL,boleto,3,57,51,7902.51,4.140350877192983,9.982456140350877
ALL,BA,moveis_decoracao,boleto,3,57,48,7299.96,3.8947368421052633,15.087719298245615
2017-09,SP,telefonia,ALL,3,57,54,7281.66,4.543859649122807,4.9298245614035086
2018-02,PR,informatica_acessorios,ALL,3,57,45,7144.58,3.7719298245614037,7.824561403508772
ALL,PE,utilidades_domesticas,credit_card,3,57,48,7012.71,4.298245614035087,12.508771929824562
2018-05,SC,ALL,boleto,3,57,45,6485.3,4.315789473684211,10.526315789473685
ALL,RJ,papelaria,boleto,3,57,45,6166.44,3.4210526315789473,14.701754385964913
2017-07,SP,automotivo,ALL,3,57,44,6116.19,4.421052631578948,4.052631578947368
2018-07,ALL,fashion_bolsas_e_acessorios,credit_card,3,57,57,6004.500000000001,4.56140350877193,5.245614035087719
2017-03,ALL,cama_mesa_banho,boleto,3,57,48,5693.55,4.385964912280702,6.824561403508772
2017-03,RJ,moveis_decoracao,ALL,3,57,39,5402.4400000000005,3.8596491228070176,6.964912280701754
ALL,SP,papelaria,voucher,3,57,34,4754.179999999999,3.543859649122807,4.56140350877193
2017-11,ALL,cama_mesa_banho,voucher,3,57,32,4507.3099999999995,4.105263157894737,6.017543859649122
2017-12,SP,fashion_bolsas_e_acessorios,ALL,3,57,51,3888.6,3.9649122807017543,4.894736842105263
ALL,PA,relogios_presentes,credit_card,3,56,53,21583.870000000003,4.0,19.232142857142858
2017-06,SP,automotivo,ALL,3,56,50,19159.94,3.6964285714285716,5.607142857142857
ALL,ES,cool_stuff,credit_card,3,56,53,10877.4,4.446428571428571,12.625
2017-04,SP,informatica_acessorios,ALL,3,56,50,9606.27,3.6785714285714284,8.446428571428571
ALL,MS,esporte_lazer,credit_card,3,56,45,8796.04,3.9464285714285716,12.267857142857142
2018-01,MG,utilidades_domesticas,ALL,3,56,41,7512.629999999999,4.160714285714286,7.625
2018-08,MG,informatica_acessorios,ALL,3,56,51,7362.34,4.339285714285714,4.696428571428571
2017-10,ALL,pet_shop,credit_card,3,56,46,7349.26,3.9285714285714284,7.196428571428571
2017-06,PR,ALL,boleto,3,56,46,6764.460000000001,3.857142857142857,7.125
ALL,MT,cama_mesa_banho,credit_card,3,56,41,6677.610000000001,4.071428571428571,14.071428571428571
2017-10,SC,ALL,boleto,3,56,49,6462.0599999999995,4.053571428571429,9.5
2017-12,MG,informatica_acessorios,ALL,3,56,45,6376.67,4.142857142857143,10.214285714285714
ALL,MG,papelaria,boleto,3,56,48,5739.74,4.375,7.589285714285714
2017-09,ALL,papelaria,credit_card,3,56,53,5387.66,4.089285714285714,9.482142857142858
2017-08,ALL,papelaria,credit_card,3,56,53,5335.03,4.553571428571429,7.017857142857143
2017-02,ALL,moveis_decoracao,boleto,3,56,46,5219.3,3.9107142857142856,10.25
ALL,SP,livros_interesse_geral,boleto,3,56,53,4963.75,4.321428571428571,4.982142857142857
2017-07,ALL,utilidades_domesticas,boleto,3,56,48,4963.73,4.571428571428571,5.892857142857143
2018-03,MG,utilidades_domesticas,ALL,3,56,43,4591.14,3.6785714285714284,11.232142857142858
ALL,SP,moveis_decoracao,debit_card,3,56,38,3706.1800000000003,3.9107142857142856,4.303571428571429
2017-03,SP,telefonia,ALL,3,56,51,3552.04,4.125,5.107142857142857
2018-03,MG,relogios_presentes,ALL,3,55,52,10495.470000000001,4.0181818181818185,14.690909090909091
2017-11,MG,relogios_presentes,ALL,3,55,45,9342.429999999998,4.254545454545455,8.763636363636364
2017-05,PE,ALL,credit_card,3,55,48,9168.000000000002,3.9272727272727272,11.945454545454545
2017-05,ALL,pet_shop,credit_card,3,55,48,8921.31,4.418181818181818,8.145454545454545
2018-01,ALL,moveis_escritorio,boleto,3,55,37,8704.0,3.2181818181818183,14.218181818181819
ALL,CE,brinquedos,credit_card,3,55,52,8694.76,4.072727272727272,16.545454545454547
2017-12,MG,beleza_saude,ALL,3,55,52,8552.87,4.036363636363636,10.054545454545455
2017-07,ALL,malas_acessorios,credit_card,3,55,54,8047.02,4.381818181818182,10.963636363636363
2017-09,RJ,moveis_decoracao,ALL,3,55,48,7001.130000000001,3.8727272727272726,11.418181818181818
2018-08,RJ,esporte_lazer,ALL,3,55,50,6942.369999999999,4.3090909090909095,6.1454545454545455
2018-06,ALL,eletrodomesticos,credit_card,3,55,53,6638.76,4.254545454545455,6.454545454545454
2017-05,ALL,eletronicos,credit_card,3,55,49,6628.02,3.7454545454545456,8.163636363636364
2017-11,RJ,utilidades_domesticas,ALL,3,55,44,6454.670000000002,3.690909090909091,12.363636363636363
2018-03,RJ,utilidades_domesticas,ALL,3,55,42,6401.9800000000005,3.327272727272727,15.690909090909091
ALL,BA,pet_shop,credit_card,3,55,46,6400.02,4.0181818181818185,13.218181818181819
2017-11,RS,cama_mesa_banho,ALL,3,55,49,6160.42,3.2545454545454544,16.30909090909091
2017-08,SC,ALL,boleto,3,55,48,5828.890000000001,4.1454545454545455,9.072727272727272
2017-10,SP,consoles_games,ALL,3,55,49,5336.240000000001,3.909090909090909,4.654545454545454
2018-08,ALL,eletrodomesticos,credit_card,3,55,53,5200.41,4.090909090909091,6.2
2017-11,MG,telefonia,ALL,3,55,52,4869.800000000001,4.109090909090909,8.2
2018-04,SP,fashion_bolsas_e_acessorios,ALL,3,55,46,4638.549999999999,4.454545454545454,3.581818181818182
2017-04,SP,telefonia,ALL,3,55,52,4317.2699999999995,4.2727272727272725,7.454545454545454
2017-10,ALL,telefonia,boleto,3,55,49,4019.44,3.8,7.781818181818182
2017-10,SP,fashion_bolsas_e_acessorios,ALL,3,55,41,3560.9100000000003,4.181818181818182,2.9272727272727272
2017-12,ALL,eletronicos,boleto,3,55,48,3282.5700000000006,3.727272727272727,12.545454545454545
ALL,MG,eletroportateis,credit_card,3,54,51,16832.360000000004,3.888888888888889,7.925925925925926
ALL,SP,construcao_ferramentas_seguranca,credit_card,3,54,46,13001.080000000002,4.166666666666667,3.5
ALL,MS,beleza_saude,credit_card,3,54,45,12507.580000000002,4.203703703703703,12.277777777777779
ALL,RJ,esporte_lazer,voucher,3,54,28,11085.390000000001,3.9444444444444446,12.203703703703704
2017-12,RJ,relogios_presentes,ALL,3,54,51,10819.429999999998,3.1666666666666665,16.22222222222222
2018-03,ALL,construcao_ferramentas_construcao,credit_card,3,54,41,10633.27,3.3518518518518516,10.222222222222221
2017-05,CE,ALL,credit_card,3,54,48,10556.480000000003,4.277777777777778,12.481481481481481
2017-10,ALL,relogios_presentes,boleto,3,54,48,9746.08,3.611111111111111,7.425925925925926
ALL,RS,brinquedos,boleto,3,54,51,9463.320000000002,3.8333333333333335,12.907407407407407
2017-09,ALL,moveis_escritorio,credit_card,3,54,27,9321.920000000002,3.925925925925926,8.0
2017-10,RJ,informatica_acessorios,ALL,3,54,42,8864.859999999999,4.277777777777778,7.796296296296297
2018-02,PA,ALL,credit_card,3,54,41,8641.070000000002,3.8703703703703702,28.074074074074073
2017-06,ALL,beleza_saude,boleto,3,54,48,8487.539999999999,4.185185185185185,8.185185185185185
ALL,RS,bebes,boleto,3,54,52,8155.580000000002,4.12962962962963,10.074074074074074
2017-05,DF,ALL,credit_card,3,54,48,7767.680000000001,4.444444444444445,8.777777777777779
2018-06,MG,esporte_lazer,ALL,3,54,47,7343.639999999998,4.314814814814815,5.2407407407407405
2018-02,ALL,relogios_presentes,boleto,3,54,44,7124.37,3.0185185185185186,12.907407407407407
2017-03,ALL,unknown,credit_card,3,54,47,7093.280000000001,4.185185185185185,8.407407407407407
2018-01,ALL,ferramentas_jardim,boleto,3,54,46,6661.500000000001,4.166666666666667,11.203703703703704
2017-05,RS,ALL,boleto,3,54,50,6506.2300000000005,4.148148148148148,7.666666666666667
2017-08,RJ,ferramentas_jardim,ALL,3,54,35,6494.710000000001,4.166666666666667,8.574074074074074
2017-04,ALL,unknown,credit_card,3,54,47,6433.210000000002,4.148148148148148,9.962962962962964
2018-02,ALL,automotivo,boleto,3,54,51,6339.060000000001,3.537037037037037,14.74074074074074
2018-06,SC,ALL,boleto,3,54,39,6213.069999999998,4.277777777777778,7.444444444444445
ALL,PR,ferramentas_jardim,boleto,3,54,48,6148.749999999999,4.333333333333333,8.833333333333334
2018-07,SC,ALL,boleto,3,54,43,6146.729999999999,4.296296296296297,5.7407407407407405
2017-06,ALL,unknown,credit_card,3,54,45,4810.619999999999,3.7962962962962963,6.203703703703703
2017-06,SP,telefonia,ALL,3,54,52,3103.85,4.018518518518518,3.3703703703703702
ALL,MT,relogios_presentes,credit_card,3,53,51,15576.72,4.169811320754717,13.245283018867925
2017-05,ALL,malas_acessorios,credit_card,3,53,49,12452.959999999997,4.0754716981132075,7.0754716981132075
2017-06,SP,relogios_presentes,ALL,3,53,48,12406.500000000002,4.188679245283019,4.735849056603773
2017-10,ALL,cool_stuff,boleto,3,53,52,11407.02,4.320754716981132,8.30188679245283
ALL,RJ,casa_conforto,credit_card,3,53,48,8140.87,4.018867924528302,12.830188679245284
2017-06,GO,ALL,credit_card,3,53,46,8042.95,4.056603773584905,11.79245283018868
2017-12,ALL,cool_stuff,boleto,3,53,46,8032.5599999999995,4.0,9.641509433962264
ALL,MT,esporte_lazer,credit_card,3,53,47,7962.43,3.9245283018867925,15.452830188679245
2018-05,SP,casa_construcao,ALL,3,53,32,7717.65,4.2075471698113205,3.3207547169811322
2018-06,MG,informatica_acessorios,ALL,3,53,44,7429.570000000001,4.150943396226415,4.90566037735849
2017-02,RJ,ALL,boleto,3,53,45,7404.780000000001,4.377358490566038,9.264150943396226
2018-07,MG,cama_mesa_banho,ALL,3,53,46,7364.56,3.8867924528301887,5.566037735849057
2018-06,RJ,informatica_acessorios,ALL,3,53,41,7296.7300000000005,4.2075471698113205,6.547169811320755
2018-07,ALL,casa_construcao,credit_card,3,53,48,7175.52,4.283018867924528,6.867924528301887
2018-04,RJ,automotivo,ALL,3,53,46,7119.519999999999,4.132075471698113,9.132075471698114
2018-08,RJ,moveis_decoracao,ALL,3,53,38,6773.24,4.188679245283019,6.943396226415095
ALL,BA,papelaria,credit_card,3,53,52,6728.920000000001,3.849056603773585,17.88679245283019
2018-01,RJ,papelaria,ALL,3,53,46,6534.099999999999,3.6226415094339623,16.0
2017-07,ALL,cama_mesa_banho,voucher,3,53,23,6434.8600000000015,3.8867924528301887,6.490566037735849
2018-03,PR,cama_mesa_banho,ALL,3,53,41,6388.320000000001,3.339622641509434,13.169811320754716
2017-05,ALL,papelaria,credit_card,3,53,51,6109.7,4.188679245283019,7.811320754716981
ALL,MS,cama_mesa_banho,credit_card,3,53,43,6047.03,4.132075471698113,12.660377358490566
2018-02,SC,informatica_acessorios,ALL,3,53,39,5511.309999999999,3.2264150943396226,18.58490566037736
2018-02,SC,ALL,boleto,3,53,45,5500.939999999999,3.358490566037736,14.90566037735849
2017-11,RJ,ALL,voucher,3,53,35,5348.490000000001,3.509433962264151,12.452830188679245
2017-03,RJ,cama_mesa_banho,ALL,3,53,39,5259.42,3.7735849056603774,9.962264150943396
2018-03,MG,ALL,voucher,3,53,37,5103.790000000001,3.792452830188679,9.962264150943396
2018-01,MG,ALL,voucher,3,53,36,4854.460000000001,4.0754716981132075,9.88679245283019
2018-07,MG,informatica_acessorios,ALL,3,53,49,4573.620000000001,4.169811320754717,6.433962264150943
2018-07,ALL,telefonia,boleto,3,53,46,4511.57,4.113207547169812,6.113207547169812
ALL,RJ,beleza_saude,voucher,3,53,29,4338.150000000001,3.2452830188679247,12.716981132075471
ALL,MG,utilidades_domesticas,voucher,3,53,28,4167.06,4.188679245283019,8.018867924528301
2018-03,SP,fashion_bolsas_e_acessorios,ALL,3,53,47,4030.5899999999992,4.264150943396227,4.113207547169812
2017-05,ALL,telefonia,boleto,3,53,46,2413.43,3.7358490566037736,8.79245283018868
ALL,RN,beleza_saude,credit_card,3,52,50,14175.12,4.4423076923076925,13.51923076923077
2018-02,RJ,relogios_presentes,ALL,3,52,48,13942.430000000002,3.1346153846153846,20.153846153846153
2017-02,ALL,moveis_escritorio,credit_card,3,52,43,13103.71,3.3076923076923075,6.961538461538462
2018-04,ALL,eletroportateis,credit_card,3,52,48,11427.350000000002,4.365384615384615,5.365384615384615
2018-07,ALL,moveis_escritorio,credit_card,3,52,40,11303.02,3.6346153846153846,5.1923076923076925
2017-02,ALL,ferramentas_jardim,credit_card,3,52,44,10532.800000000001,3.8846153846153846,7.3076923076923075
ALL,ES,bebes,credit_card,3,52,52,8946.720000000001,3.980769230769231,11.673076923076923
2018-02,MG,moveis_decoracao,ALL,3,52,43,8521.000000000002,4.365384615384615,10.192307692307692
2018-07,MG,utilidades_domesticas,ALL,3,52,48,8493.87,4.211538461538462,4.730769230769231
ALL,PR,cool_stuff,boleto,3,52,47,8114.16,4.480769230769231,7.903846153846154
2018-03,MA,ALL,credit_card,3,52,44,8026.700000000001,3.3846153846153846,20.01923076923077
2017-10,MG,ALL,voucher,3,52,32,7858.279999999999,4.211538461538462,6.288461538461538
ALL,RJ,moveis_escritorio,voucher,3,52,8,7552.630000000001,4.673076923076923,13.057692307692308
2017-01,ALL,esporte_lazer,credit_card,3,52,42,7212.82,3.75,11.038461538461538
ALL,SC,unknown,credit_card,3,52,51,7121.4400000000005,3.730769230769231,12.807692307692308
2017-11,MG,perfumaria,ALL,3,52,49,7057.970000000001,4.115384615384615,9.596153846153847
2017-07,SP,perfumaria,ALL,3,52,46,6417.599999999999,4.115384615384615,6.961538461538462
2018-02,MG,utilidades_domesticas,ALL,3,52,45,6361.910000000001,3.923076923076923,12.23076923076923
2018-05,RJ,esporte_lazer,ALL,3,52,45,6316.089999999999,3.8846153846153846,10.634615384615385
2017-11,PR,cama_mesa_banho,ALL,3,52,45,6180.740000000002,3.9615384615384617,10.057692307692308
2017-06,SP,brinquedos,ALL,3,52,48,5907.470000000001,4.5,4.923076923076923
2018-05,ALL,eletrodomesticos,credit_card,3,52,50,5871.880000000001,4.211538461538462,7.730769230769231
2017-12,RJ,ferramentas_jardim,ALL,3,52,43,5803.709999999999,3.5961538461538463,19.96153846153846
2017-06,RJ,cama_mesa_banho,ALL,3,52,41,5511.639999999999,3.980769230769231,11.288461538461538
2017-05,RJ,cama_mesa_banho,ALL,3,52,38,5439.139999999999,4.173076923076923,11.538461538461538
2017-08,SP,perfumaria,ALL,3,52,45,5380.299999999999,4.596153846153846,3.4038461538461537
2017-05,ALL,moveis_decoracao,boleto,3,52,40,4050.1,4.096153846153846,7.0
ALL,ES,eletronicos,credit_card,3,52,48,4049.6800000000003,4.076923076923077,11.384615384615385
2018-04,MG,relogios_presentes,ALL,3,51,50,10997.949999999999,4.431372549019608,8.333333333333334
2017-10,MT,ALL,credit_card,3,51,41,10918.21,4.254901960784314,13.156862745098039
2018-06,SP,construcao_ferramentas_construcao,ALL,3,51,50,10747.390000000003,4.333333333333333,4.098039215686274
2017-07,SP,moveis_escritorio,ALL,3,51,39,8817.87,4.235294117647059,3.9215686274509802
2018-01,MS,ALL,credit_card,3,51,44,8444.369999999999,4.352941176470588,11.588235294117647
2017-11,ALL,malas_acessorios,credit_card,3,51,45,8198.25,4.196078431372549,9.07843137254902
ALL,MG,casa_construcao,credit_card,3,51,46,8186.8600000000015,4.137254901960785,7.490196078431373
ALL,MA,esporte_lazer,credit_card,3,51,45,7658.12,3.7254901960784315,17.058823529411764
ALL,BA,unknown,credit_card,3,51,38,6674.95,3.6470588235294117,13.882352941176471
2018-07,RJ,informatica_acessorios,ALL,3,51,45,6300.78,4.0588235294117645,5.549019607843137
2018-08,MG,automotivo,ALL,3,51,46,6072.28,4.352941176470588,5.901960784313726
2017-12,ALL,perfumaria,boleto,3,51,50,5796.01,4.431372549019608,9.764705882352942
2017-12,SP,consoles_games,ALL,3,51,47,5223.43,4.333333333333333,7.882352941176471
2018-03,ALL,ferramentas_jardim,boleto,3,51,40,4850.17,4.078431372549019,11.588235294117647
2017-06,MG,utilidades_domesticas,ALL,3,51,42,4833.840000000001,4.372549019607843,7.921568627450981
2017-05,RJ,utilidades_domesticas,ALL,3,51,41,4319.250000000001,4.490196078431373,5.96078431372549
2017-05,SP,fashion_bolsas_e_acessorios,ALL,3,51,41,2987.31,3.843137254901961,8.529411764705882
ALL,SP,pcs,credit_card,3,50,44,57817.649999999994,4.24,6.58
ALL,RJ,climatizacao,credit_card,3,50,43,14547.6,3.98,8.46
2017-10,CE,ALL,credit_card,3,50,45,11259.44,3.84,15.94
2017-11,ALL,cool_stuff,boleto,3,50,47,10651.769999999999,4.02,8.58
2018-08,CE,ALL,credit_card,3,50,44,10116.450000000003,4.38,11.36
ALL,CE,perfumaria,credit_card,3,50,46,9061.03,3.88,16.4
2018-07,MG,moveis_decoracao,ALL,3,50,35,7544.679999999999,4.4,6.22
2018-02,ALL,construcao_ferramentas_construcao,credit_card,3,50,42,7422.669999999999,3.9,12.48
2017-12,RJ,papelaria,ALL,3,50,44,7345.870000000001,3.04,19.64
2017-10,RJ,brinquedos,ALL,3,50,45,7263.69,4.14,8.12
2017-06,ALL,bebes,credit_card,3,50,49,6812.440000000001,3.88,6.7
2018-06,RJ,esporte_lazer,ALL,3,50,38,6712.52,4.56,7.4
2018-01,RJ,utilidades_domesticas,ALL,3,50,39,6551.879999999999,3.64,11.42
2018-02,BA,ALL,boleto,3,50,43,6294.65,3.9,17.0
2018-04,SP,construcao_ferramentas_construcao,ALL,3,50,36,6275.2300000000005,4.24,3.5
2018-04,MG,ferramentas_jardim,ALL,3,50,38,6100.089999999999,4.5,7.3
ALL,MS,moveis_decoracao,credit_card,3,50,32,5647.829999999999,3.74,10.6
2017-08,ALL,utilidades_domesticas,boleto,3,50,43,5585.070000000001,3.94,6.52
2018-02,ALL,cama_mesa_banho,voucher,3,50,30,5487.3,3.74,14.58
2018-08,RJ,informatica_acessorios,ALL,3,50,45,5215.09,4.42,5.52
2018-01,BA,ALL,boleto,3,50,43,5106.900000000001,3.58,13.02
ALL,RJ,informatica_acessorios,voucher,3,50,34,4603.480000000001,4.24,9.4
2018-05,RJ,ALL,voucher,3,50,33,4440.36,3.72,13.02
2017-09,ALL,utilidades_domesticas,boleto,3,50,41,3889.06,4.22,7.24
2017-08,MG,moveis_decoracao,ALL,3,50,33,3824.06,4.34,8.38
2018-05,ALL,eletronicos,boleto,3,50,50,3163.66,4.4,8.96
2018-03,RJ,eletronicos,ALL,3,50,45,2873.46,2.96,22.2
2017-06,ALL,telefonia,boleto,3,50,46,2135.2000000000003,4.02,8.12
2018-05,SP,cama_mesa_banho,credit_card,4,343,272,38155.39,4.049562682215743,6.399416909620991
2017-11,SP,cama_mesa_banho,credit_card,4,341,282,37498.64,3.7507331378299122,7.258064516129032
2018-08,SP,beleza_saude,credit_card,4,334,297,48002.56,4.362275449101796,3.05688622754491
2018-06,SP,cama_mesa_banho,credit_card,4,331,281,34851.479999999996,3.933534743202417,4.317220543806647
2018-06,SP,beleza_saude,credit_card,4,327,284,37971.15,4.376146788990826,3.709480122324159
2018-05,SP,beleza_saude,credit_card,4,321,281,41661.61,4.442367601246106,5.031152647975078
2018-01,SP,cama_mesa_banho,credit_card,4,317,257,33239.97,3.952681388012618,5.7760252365930596
2018-04,SP,cama_mesa_banho,credit_card,4,296,246,32144.26,4.037162162162162,4.35472972972973
2018-03,SP,cama_mesa_banho,credit_card,4,286,235,29526.83,4.073426573426573,7.178321678321678
2018-08,SP,cama_mesa_banho,credit_card,4,282,238,33519.08,4.1453900709219855,4.329787234042553
2018-02,SP,informatica_acessorios,credit_card,4,269,228,30736.489999999998,3.6951672862453533,8.565055762081784
2018-03,SP,esporte_lazer,credit_card,4,268,237,34962.369999999995,3.8656716417910446,7.5335820895522385
2018-08,SP,utilidades_domesticas,credit_card,4,267,236,25574.309999999998,4.254681647940075,3.00749063670412
2018-04,SP,beleza_saude,credit_card,4,265,231,36558.94,4.245283018867925,4.441509433962264
2018-02,SP,cama_mesa_banho,credit_card,4,263,216,25386.28,3.76425855513308,7.904942965779468
2018-07,SP,cama_mesa_banho,credit_card,4,259,212,25448.83,4.193050193050193,4.173745173745174
2018-07,SP,beleza_saude,credit_card,4,252,226,30639.42,4.341269841269841,3.876984126984127
2017-11,SP,moveis_decoracao,credit_card,4,252,174,24737.489999999998,3.6984126984126986,6.150793650793651
2018-05,SP,utilidades_domesticas,credit_card,4,247,196,28317.82,4.376518218623482,4.372469635627531
2018-03,SP,beleza_saude,credit_card,4,245,217,33719.89,4.012244897959183,6.697959183673469
2018-03,SP,informatica_acessorios,credit_card,4,244,200,31878.18,4.098360655737705,6.418032786885246
2018-02,SP,esporte_lazer,credit_card,4,220,194,28808.11,3.922727272727273,8.186363636363636
2018-06,SP,utilidades_domesticas,credit_card,4,219,170,22558.86,4.205479452054795,3.191780821917808
2018-05,SP,relogios_presentes,credit_card,4,217,202,46615.240000000005,4.078341013824885,5.552995391705069
2018-01,SP,beleza_saude,credit_card,4,215,193,26235.289999999997,4.083720930232558,5.786046511627907
2018-01,SP,moveis_decoracao,credit_card,4,213,153,22451.689999999995,3.896713615023474,5.483568075117371
2018-01,SP,informatica_acessorios,credit_card,4,207,160,26486.72,3.7681159420289854,6.63768115942029
2018-07,SP,utilidades_domesticas,credit_card,4,207,177,23822.54,4.033816425120773,3.4154589371980677
2018-02,SP,beleza_saude,credit_card,4,206,183,25275.670000000002,4.121359223300971,6.91747572815534
2017-07,SP,cama_mesa_banho,credit_card,4,204,178,25637.249999999996,4.1911764705882355,4.901960784313726
2017-08,SP,cama_mesa_banho,credit_card,4,203,160,21825.82,4.315270935960591,4.266009852216749
2018-04,SP,moveis_decoracao,credit_card,4,200,150,20127.95,3.965,3.66
2018-05,SP,moveis_decoracao,credit_card,4,200,147,18927.39,4.13,4.03
2017-12,SP,cama_mesa_banho,credit_card,4,199,174,22424.67,4.090452261306533,6.241206030150754
2018-01,SP,esporte_lazer,credit_card,4,198,184,26704.18,4.116161616161616,6.681818181818182
2018-04,SP,esporte_lazer,credit_card,4,194,173,23373.45,4.355670103092783,4.510309278350515
2018-04,SP,utilidades_domesticas,credit_card,4,194,173,22211.96,4.051546391752577,4.22680412371134
2017-11,SP,esporte_lazer,credit_card,4,193,175,22870.67,4.33678756476684,5.310880829015544
2018-04,SP,informatica_acessorios,credit_card,4,189,166,20502.979999999996,4.084656084656085,4.5661375661375665
2018-05,SP,esporte_lazer,credit_card,4,186,167,23799.6,4.408602150537634,4.56989247311828
2018-08,SP,esporte_lazer,credit_card,4,184,169,22477.11,4.315217391304348,3.2010869565217392
2017-10,SP,cama_mesa_banho,credit_card,4,177,134,17112.440000000002,3.610169491525424,5.440677966101695
2017-09,SP,cama_mesa_banho,credit_card,4,176,154,20465.199999999997,4.153409090909091,4.806818181818182
2017-11,RJ,cama_mesa_banho,credit_card,4,173,137,19243.510000000002,3.3583815028901736,16.14450867052023
2017-11,SP,brinquedos,credit_card,4,171,156,21523.44,4.16374269005848,5.918128654970761
2017-11,SP,beleza_saude,credit_card,4,165,160,26192.550000000003,4.3090909090909095,5.345454545454546
2018-07,SP,esporte_lazer,credit_card,4,163,142,18791.31,3.9693251533742333,3.1165644171779143
2017-11,SP,utilidades_domesticas,credit_card,4,163,140,17172.440000000002,4.190184049079755,5.969325153374233
2018-08,SP,moveis_decoracao,credit_card,4,163,121,16822.75,4.03680981595092,3.184049079754601
2017-12,SP,moveis_decoracao,credit_card,4,162,127,14653.520000000002,3.925925925925926,6.049382716049383
2017-12,SP,esporte_lazer,credit_card,4,161,141,21126.06,4.180124223602484,6.416149068322981
2018-07,SP,moveis_decoracao,credit_card,4,159,119,17413.33,4.446540880503145,3.138364779874214
2018-06,SP,relogios_presentes,credit_card,4,153,138,24033.98,4.137254901960785,3.6862745098039214
2018-08,SP,relogios_presentes,credit_card,4,151,141,27767.039999999994,4.059602649006623,3.0728476821192054
2017-08,SP,moveis_decoracao,credit_card,4,151,116,15444.020000000002,4.079470198675497,3.9271523178807946
2018-03,SP,moveis_decoracao,credit_card,4,149,121,15161.04,4.154362416107382,5.671140939597316
2017-06,SP,cama_mesa_banho,credit_card,4,149,124,14874.329999999998,4.033557046979865,6.617449664429531
2017-11,SP,relogios_presentes,credit_card,4,148,136,33404.05,4.033783783783784,5.601351351351352
2018-05,SP,informatica_acessorios,credit_card,4,148,140,16276.67,4.04054054054054,5.6824324324324325
2018-08,SP,informatica_acessorios,credit_card,4,148,134,15792.019999999999,4.344594594594595,3.8716216216216215
2017-12,SP,beleza_saude,credit_card,4,147,132,22242.63,4.374149659863946,5.517006802721088
2017-12,SP,brinquedos,credit_card,4,147,138,18827.54,4.020408163265306,6.074829931972789
2018-01,SP,papelaria,credit_card,4,146,142,16329.8,4.335616438356165,5.965753424657534
2018-06,SP,moveis_decoracao,credit_card,4,144,109,17485.94,4.111111111111111,3.736111111111111
2018-04,SP,relogios_presentes,credit_card,4,142,134,30418.41,4.563380281690141,4.169014084507042
2018-06,SP,esporte_lazer,credit_card,4,140,126,17794.21,4.2785714285714285,3.942857142857143
2017-10,SP,esporte_lazer,credit_card,4,140,124,17655.89,4.057142857142857,5.314285714285714
2018-02,SP,moveis_decoracao,credit_card,4,139,101,13287.380000000001,3.776978417266187,6.122302158273381
2018-07,SP,relogios_presentes,credit_card,4,138,136,26108.559999999998,4.028985507246377,3.391304347826087
2018-02,SP,utilidades_domesticas,credit_card,4,138,122,14371.989999999998,3.847826086956522,6.579710144927536
2017-11,SP,informatica_acessorios,credit_card,4,137,118,21456.76,4.109489051094891,6.656934306569343
2017-09,SP,esporte_lazer,credit_card,4,134,125,16230.54,4.253731343283582,5.485074626865671
2017-11,SP,ferramentas_jardim,credit_card,4,131,101,12970.249999999998,4.099236641221374,7.435114503816794
2018-06,SP,informatica_acessorios,credit_card,4,130,116,14467.309999999998,4.030769230769231,4.7153846153846155
2018-03,SP,utilidades_domesticas,credit_card,4,128,115,16061.919999999998,4.125,5.3359375
2018-07,SP,informatica_acessorios,credit_card,4,128,114,15750.999999999998,4.3984375,4.4765625
2017-12,SP,relogios_presentes,credit_card,4,127,117,24616.440000000002,4.15748031496063,5.2047244094488185
2018-08,SP,automotivo,credit_card,4,127,120,16404.89,4.188976377952756,2.8661417322834644
2018-01,SP,utilidades_domesticas,credit_card,4,124,116,14193.05,4.209677419354839,5.403225806451613
2017-05,SP,cama_mesa_banho,credit_card,4,122,102,12469.529999999999,4.327868852459017,6.950819672131147
2017-08,SP,esporte_lazer,credit_card,4,119,108,14536.020000000002,4.201680672268908,4.19327731092437
2017-06,SP,utilidades_domesticas,credit_card,4,119,103,9653.030000000002,4.084033613445378,4.319327731092437
2018-03,SP,relogios_presentes,credit_card,4,118,117,29006.219999999994,4.203389830508475,8.11864406779661
2018-05,SP,automotivo,credit_card,4,118,113,16994.239999999998,4.169491525423729,4.8559322033898304
2018-01,SP,relogios_presentes,credit_card,4,116,110,28462.909999999996,4.086206896551724,6.620689655172414
2018-03,SP,automotivo,credit_card,4,116,111,17257.340000000004,4.275862068965517,7.025862068965517
2017-10,SP,beleza_saude,credit_card,4,116,103,13075.55,4.224137931034483,3.8620689655172415
2018-02,SP,informatica_acessorios,boleto,4,115,77,15427.249999999998,3.260869565217391,8.147826086956522
2018-02,SP,telefonia,credit_card,4,115,98,4597.5599999999995,3.617391304347826,4.391304347826087
2018-02,RJ,informatica_acessorios,credit_card,4,112,94,13501.36,2.7857142857142856,20.848214285714285
2018-04,SP,automotivo,credit_card,4,110,102,16871.840000000004,4.163636363636364,4.336363636363636
2017-08,SP,utilidades_domesticas,credit_card,4,110,92,10548.050000000001,3.890909090909091,3.727272727272727
2017-03,SP,moveis_decoracao,credit_card,4,110,94,8696.210000000001,4.172727272727273,5.863636363636363
2017-07,SP,esporte_lazer,credit_card,4,109,95,12289.559999999998,4.467889908256881,4.330275229357798
2018-02,SP,automotivo,credit_card,4,108,94,13181.199999999999,4.12037037037037,5.574074074074074
2017-08,SP,informatica_acessorios,credit_card,4,108,90,12971.830000000002,4.324074074074074,3.8796296296296298
2017-07,SP,moveis_decoracao,credit_card,4,108,87,9578.470000000001,4.231481481481482,4.027777777777778
2018-03,RJ,cama_mesa_banho,credit_card,4,107,88,11881.339999999998,2.9813084112149535,22.7196261682243
2018-02,MG,informatica_acessorios,credit_card,4,107,86,10945.43,3.710280373831776,13.626168224299066
2017-07,SP,beleza_saude,credit_card,4,107,81,9367.28,3.467289719626168,4.831775700934579
2017-12,SP,utilidades_domesticas,credit_card,4,106,94,10663.289999999999,4.30188679245283,5.264150943396227
2017-05,SP,utilidades_domesticas,credit_card,4,106,87,9530.569999999998,4.264150943396227,4.764150943396227
2018-06,SP,automotivo,credit_card,4,105,89,13560.54,4.114285714285714,2.8476190476190477
2017-07,SP,utilidades_domesticas,credit_card,4,105,82,9241.38,4.104761904761904,4.304761904761905
2018-05,SP,bebes,credit_card,4,104,89,14467.76,4.25,5.4423076923076925
2017-08,SP,beleza_saude,credit_card,4,104,97,10723.22,4.4423076923076925,4.134615384615385
2017-10,SP,moveis_decoracao,credit_card,4,104,73,7289.77,4.144230769230769,4.134615384615385
2018-03,SP,telefonia,credit_card,4,103,97,6019.910000000001,4.029126213592233,4.320388349514563
2017-04,SP,cama_mesa_banho,credit_card,4,100,84,12394.029999999999,4.2,7.77
2017-03,SP,cama_mesa_banho,credit_card,4,100,83,11072.1,4.01,6.63
2018-07,SP,automotivo,credit_card,4,100,94,10802.8,4.43,3.51
2017-10,SP,relogios_presentes,credit_card,4,99,88,24528.47,4.141414141414141,4.888888888888889
2017-11,MG,cama_mesa_banho,credit_card,4,98,85,11320.050000000001,3.693877551020408,12.153061224489797
2018-01,RJ,cama_mesa_banho,credit_card,4,98,84,11246.699999999999,3.5,14.326530612244898
2017-09,SP,moveis_decoracao,credit_card,4,98,78,8018.76,4.3061224489795915,4.816326530612245
2017-09,SP,brinquedos,credit_card,4,96,90,10458.89,4.28125,5.1875
2018-01,MG,cama_mesa_banho,credit_card,4,96,80,10045.96,3.8333333333333335,7.916666666666667
2017-02,SP,moveis_decoracao,credit_card,4,96,79,9215.83,3.8229166666666665,5.6875
2018-01,SP,telefonia,credit_card,4,96,87,4891.76,3.9479166666666665,4.489583333333333
2017-11,SP,perfumaria,credit_card,4,95,90,11021.720000000001,4.126315789473685,5.684210526315789
2018-04,SP,brinquedos,credit_card,4,94,92,11881.210000000001,4.297872340425532,3.8404255319148937
2017-09,SP,beleza_saude,credit_card,4,93,86,13862.800000000003,4.333333333333333,4.752688172043011
2018-03,SP,brinquedos,credit_card,4,93,88,11116.42,3.913978494623656,5.333333333333333
2018-05,RJ,relogios_presentes,credit_card,4,92,82,15365.830000000002,3.7934782608695654,9.369565217391305
2018-05,SP,perfumaria,credit_card,4,92,81,12168.270000000004,4.217391304347826,4.8478260869565215
2017-11,SP,automotivo,credit_card,4,92,84,12158.230000000001,4.206521739130435,5.75
2017-06,SP,esporte_lazer,credit_card,4,92,85,10798.209999999997,4.423913043478261,6.141304347826087
2017-11,SP,telefonia,credit_card,4,92,85,6299.259999999999,3.7717391304347827,4.934782608695652
2018-01,SP,informatica_acessorios,boleto,4,91,70,12348.17,3.912087912087912,6.472527472527473
2018-08,SP,perfumaria,credit_card,4,91,86,11506.22,4.043956043956044,3.9450549450549453
2017-05,SP,esporte_lazer,credit_card,4,91,75,11078.83,4.230769230769231,6.406593406593407
2018-03,SP,perfumaria,credit_card,4,90,82,10643.129999999997,3.933333333333333,7.333333333333333
2017-10,RJ,cama_mesa_banho,credit_card,4,90,72,10080.25,3.8555555555555556,9.733333333333333
2018-04,SP,telefonia,credit_card,4,90,82,5503.0999999999985,3.811111111111111,2.7222222222222223
2017-05,SP,informatica_acessorios,credit_card,4,89,66,9940.029999999999,4.112359550561798,4.910112359550562
2017-09,SP,utilidades_domesticas,credit_card,4,89,75,8340.68,4.280898876404494,4.146067415730337
2018-02,SP,relogios_presentes,credit_card,4,88,86,17351.66,3.8181818181818183,8.136363636363637
2017-12,SP,automotivo,credit_card,4,88,83,12239.189999999999,4.295454545454546,5.181818181818182
2017-05,SP,beleza_saude,credit_card,4,88,83,11641.45,4.2727272727272725,4.068181818181818
2017-11,SP,cool_stuff,credit_card,4,87,86,15476.689999999999,4.402298850574713,5.2298850574712645
2018-07,SP,beleza_saude,boleto,4,87,75,8475.099999999999,4.0344827586206895,3.4482758620689653
2018-03,SP,cama_mesa_banho,boleto,4,87,63,7732.8499999999985,3.67816091954023,6.9655172413793105
2018-01,SP,automotivo,credit_card,4,86,78,13588.989999999998,4.4186046511627906,4.534883720930233
2018-01,SP,cool_stuff,credit_card,4,86,85,12286.31,4.1976744186046515,4.8023255813953485
2018-06,SP,beleza_saude,boleto,4,86,74,7872.030000000001,4.406976744186046,3.6744186046511627
2018-01,SP,eletronicos,credit_card,4,86,84,3828.4400000000005,4.104651162790698,5.732558139534884
2018-01,SP,cama_mesa_banho,boleto,4,85,70,8060.55,4.094117647058823,4.847058823529411
2017-12,SP,telefonia,credit_card,4,85,76,3862.2500000000005,4.211764705882353,4.129411764705883
2017-05,SP,moveis_decoracao,credit_card,4,84,76,11144.710000000001,3.7142857142857144,6.619047619047619
2017-10,SP,brinquedos,credit_card,4,84,82,11006.05,4.059523809523809,5.226190476190476
2017-11,RJ,moveis_decoracao,credit_card,4,84,58,8838.820000000003,3.5833333333333335,15.404761904761905
2017-12,SP,ferramentas_jardim,credit_card,4,84,65,8457.980000000001,4.428571428571429,8.738095238095237
2018-04,SP,bebes,credit_card,4,83,78,14099.079999999998,4.0843373493975905,3.8674698795180724
2018-03,SP,cool_stuff,credit_card,4,83,73,11128.000000000002,4.0120481927710845,5.433734939759036
2018-07,RJ,cama_mesa_banho,credit_card,4,83,67,7892.05,4.542168674698795,5.975903614457831
2018-08,SP,cama_mesa_banho,boleto,4,83,68,7862.66,4.385542168674699,4.518072289156627
2018-02,SP,eletronicos,credit_card,4,83,76,4863.890000000001,4.0843373493975905,8.349397590361447
2018-03,SP,bebes,credit_card,4,82,76,14418.859999999999,4.024390243902439,5.378048780487805
2018-01,RJ,informatica_acessorios,credit_card,4,82,72,10970.93,3.7560975609756095,15.463414634146341
2018-05,SP,ferramentas_jardim,credit_card,4,82,67,9207.169999999998,4.304878048780488,6.2317073170731705
2017-09,SP,relogios_presentes,credit_card,4,81,74,13370.03,4.45679012345679,4.098765432098766
2017-06,SP,beleza_saude,credit_card,4,81,73,8036.51,4.246913580246914,5.296296296296297
2018-05,SP,brinquedos,credit_card,4,80,78,13777.64,4.3875,4.475
2018-04,SP,ferramentas_jardim,credit_card,4,80,73,13017.240000000002,4.3,4.15
2018-08,SP,bebes,credit_card,4,80,75,10608.16,3.9,3.175
2017-10,SP,informatica_acessorios,credit_card,4,80,58,10276.369999999999,4.25,3.75
2018-07,SP,bebes,credit_card,4,80,73,8584.2,4.025,3.675
2018-08,SP,construcao_ferramentas_construcao,credit_card,4,79,60,14208.76,4.139240506329114,4.405063291139241
2017-12,SP,informatica_acessorios,credit_card,4,79,65,12363.920000000002,3.8607594936708862,6.113924050632911
2018-04,RJ,cama_mesa_banho,credit_card,4,79,61,10995.85,3.8734177215189876,12.354430379746836
2017-12,SP,papelaria,credit_card,4,79,73,8476.35,4.417721518987341,6.1645569620253164
2018-02,RJ,cama_mesa_banho,credit_card,4,79,68,7744.360000000001,3.050632911392405,17.11392405063291
2018-03,MG,cama_mesa_banho,credit_card,4,78,65,9171.91,3.269230769230769,14.782051282051283
2017-10,SP,utilidades_domesticas,credit_card,4,78,70,7133.870000000002,4.243589743589744,4.384615384615385
2018-06,SP,papelaria,credit_card,4,78,65,6294.4,4.256410256410256,3.551282051282051
2018-08,SP,pet_shop,credit_card,4,77,64,9950.42,4.636363636363637,2.8701298701298703
2018-02,SP,perfumaria,credit_card,4,77,71,9007.960000000001,4.233766233766234,6.662337662337662
2018-05,SP,telefonia,credit_card,4,77,74,8612.81,4.025974025974026,4.025974025974026
2017-06,SP,moveis_decoracao,credit_card,4,77,61,7657.389999999999,4.311688311688312,5.1688311688311686
2017-01,SP,moveis_decoracao,credit_card,4,77,51,6261.4800000000005,3.792207792207792,5.688311688311688
2017-10,SP,cool_stuff,credit_card,4,76,73,13024.71,4.2368421052631575,4.828947368421052
2018-08,SP,telefonia,credit_card,4,76,72,10530.750000000002,3.960526315789474,3.1052631578947367
2018-03,SP,eletronicos,credit_card,4,76,69,3015.59,4.171052631578948,5.592105263157895
2017-07,RJ,cama_mesa_banho,credit_card,4,75,65,9014.83,4.08,9.226666666666667
2017-12,RJ,cama_mesa_banho,credit_card,4,75,59,8564.56,3.2266666666666666,18.986666666666668
2018-07,SP,perfumaria,credit_card,4,75,60,7727.360000000001,4.72,3.453333333333333
2018-08,MG,beleza_saude,credit_card,4,74,69,11425.249999999998,4.337837837837838,4.986486486486487
2018-05,MG,cama_mesa_banho,credit_card,4,74,61,9780.0,3.9594594594594597,10.608108108108109
2018-03,RJ,informatica_acessorios,credit_card,4,74,65,9350.74,3.7162162162162162,17.68918918918919
2018-06,MG,utilidades_domesticas,credit_card,4,74,55,8811.29,3.6486486486486487,5.256756756756757
2018-01,SP,perfumaria,credit_card,4,74,70,7540.61,4.04054054054054,8.013513513513514
2018-05,SP,eletronicos,credit_card,4,74,71,6876.589999999999,4.3108108108108105,3.7027027027027026
2018-06,SP,bebes,credit_card,4,73,67,17864.95,4.36986301369863,3.6301369863013697
2018-06,RJ,cama_mesa_banho,credit_card,4,73,64,7692.290000000001,3.6575342465753424,8.479452054794521
2017-07,SP,cool_stuff,credit_card,4,72,70,12872.789999999999,4.222222222222222,4.097222222222222
2017-12,SP,perfumaria,credit_card,4,72,71,10163.25,4.180555555555555,5.902777777777778
2017-11,RJ,esporte_lazer,credit_card,4,72,61,9646.310000000001,3.763888888888889,12.36111111111111
2018-06,MG,cama_mesa_banho,credit_card,4,72,60,8728.95,3.8333333333333335,6.819444444444445
2018-05,RJ,beleza_saude,credit_card,4,71,66,11050.030000000004,4.338028169014085,9.47887323943662
2017-05,SP,cool_stuff,credit_card,4,71,68,9137.140000000001,4.253521126760563,4.830985915492958
2018-06,RJ,beleza_saude,credit_card,4,71,65,8725.089999999998,4.47887323943662,6.098591549295775
2018-08,SP,papelaria,credit_card,4,71,64,8010.349999999999,4.591549295774648,3.2535211267605635
2017-11,SP,fashion_bolsas_e_acessorios,credit_card,4,71,63,5133.410000000001,3.4225352112676055,5.28169014084507
2018-08,RJ,beleza_saude,credit_card,4,70,61,13210.269999999999,4.257142857142857,4.814285714285714
2018-02,RJ,beleza_saude,credit_card,4,70,62,10486.98,3.9571428571428573,12.82857142857143
2017-11,MG,beleza_saude,credit_card,4,70,57,9932.86,4.371428571428571,8.842857142857143
2018-02,RJ,esporte_lazer,credit_card,4,70,62,9558.980000000001,3.0,19.65714285714286
2018-06,SP,brinquedos,credit_card,4,70,63,7411.610000000001,4.271428571428571,3.5714285714285716
2018-05,SP,cama_mesa_banho,boleto,4,70,54,6734.7,4.214285714285714,5.742857142857143
2018-03,SP,esporte_lazer,boleto,4,70,67,6650.44,4.085714285714285,5.814285714285714
2018-04,RJ,relogios_presentes,credit_card,4,69,61,12957.710000000001,4.115942028985507,8.478260869565217
2018-03,MG,beleza_saude,credit_card,4,69,66,12947.93,3.536231884057971,16.028985507246375
2018-03,SP,ferramentas_jardim,credit_card,4,69,57,10727.539999999999,3.927536231884058,7.2898550724637685
2018-06,SP,pet_shop,credit_card,4,69,60,8592.470000000001,4.333333333333333,3.7246376811594204
2018-05,RJ,utilidades_domesticas,credit_card,4,69,56,8407.12,3.869565217391304,9.681159420289855
2017-09,RJ,cama_mesa_banho,credit_card,4,69,59,7698.979999999999,4.202898550724638,10.318840579710145
2018-07,MG,beleza_saude,credit_card,4,68,61,15231.449999999997,4.176470588235294,4.955882352941177
2017-12,SP,cool_stuff,credit_card,4,68,60,12873.79,4.205882352941177,5.882352941176471
2018-01,MG,informatica_acessorios,credit_card,4,68,56,8447.44,3.9411764705882355,8.926470588235293
2017-11,MG,ferramentas_jardim,credit_card,4,68,56,6146.200000000001,4.073529411764706,11.102941176470589
2017-11,SP,moveis_decoracao,boleto,4,68,54,5512.63,3.676470588235294,6.264705882352941
2017-08,SP,cool_stuff,credit_card,4,67,64,11078.410000000002,4.492537313432836,3.5522388059701493
2018-06,MG,beleza_saude,credit_card,4,67,63,10820.35,4.432835820895522,5.537313432835821
2018-03,RJ,esporte_lazer,credit_card,4,67,63,10526.5,3.1194029850746268,20.059701492537314
2018-07,SP,telefonia,credit_card,4,67,61,8787.52,4.208955223880597,4.223880597014926
2017-11,RJ,ferramentas_jardim,credit_card,4,67,54,7353.919999999999,3.2686567164179103,16.611940298507463
2018-04,SP,esporte_lazer,boleto,4,67,59,6718.48,4.477611940298507,3.208955223880597
2018-03,MG,moveis_decoracao,credit_card,4,67,49,6398.0,3.5223880597014925,11.164179104477611
2018-05,SP,beleza_saude,boleto,4,67,63,6233.500000000001,3.91044776119403,5.402985074626866
2017-10,SP,telefonia,credit_card,4,67,61,5998.780000000001,4.298507462686567,2.791044776119403
2017-11,RJ,brinquedos,credit_card,4,66,61,12301.009999999998,3.909090909090909,10.424242424242424
2018-07,SP,ferramentas_jardim,credit_card,4,66,48,11204.32,4.0,3.3181818181818183
2018-04,SP,informatica_acessorios,boleto,4,66,50,10711.79,3.515151515151515,4.636363636363637
2017-07,MG,cama_mesa_banho,credit_card,4,66,53,10421.4,3.621212121212121,8.848484848484848
2018-03,SP,moveis_decoracao,boleto,4,66,44,7862.1900000000005,3.696969696969697,5.924242424242424
2018-02,MG,beleza_saude,credit_card,4,65,62,12305.23,4.584615384615384,10.384615384615385
2018-02,SP,bebes,credit_card,4,65,63,10602.17,4.3076923076923075,7.461538461538462
2018-07,SP,pet_shop,credit_card,4,65,56,9007.92,4.3076923076923075,3.276923076923077
2018-04,SP,pet_shop,credit_card,4,65,56,8331.33,4.246153846153846,4.8
2018-04,SP,beleza_saude,boleto,4,65,57,7341.719999999999,4.1692307692307695,3.646153846153846
2017-07,SP,brinquedos,credit_card,4,65,60,7260.62,4.538461538461538,4.138461538461539
2018-03,MG,esporte_lazer,credit_card,4,65,59,7211.029999999999,3.923076923076923,11.292307692307693
2018-06,RJ,relogios_presentes,credit_card,4,64,62,16058.71,3.8125,7.234375
2018-01,SP,bebes,credit_card,4,64,58,12421.55,4.25,7.0
2018-04,SP,cool_stuff,credit_card,4,64,63,12147.2,4.4375,4.9375
2018-07,RJ,beleza_saude,credit_card,4,64,55,8494.49,4.453125,5.5
2018-03,SP,informatica_acessorios,boleto,4,64,51,8449.81,4.15625,6.9375
2017-06,SP,informatica_acessorios,credit_card,4,64,54,7896.26,3.9375,5.328125
2018-06,SP,cama_mesa_banho,boleto,4,64,52,7072.77,4.125,4.125
2018-02,RJ,moveis_decoracao,credit_card,4,64,48,5871.620000000001,2.90625,18.71875
2017-11,RJ,relogios_presentes,credit_card,4,63,56,17003.429999999993,3.2698412698412698,15.936507936507937
2017-08,SP,relogios_presentes,credit_card,4,63,59,10995.75,4.492063492063492,3.4603174603174605
2018-06,SP,perfumaria,credit_card,4,63,55,9672.58,4.158730158730159,3.634920634920635
2018-08,RJ,utilidades_domesticas,credit_card,4,63,57,8869.090000000002,4.063492063492063,4.7936507936507935
2018-04,RJ,esporte_lazer,credit_card,4,63,53,8179.2300000000005,3.6666666666666665,10.396825396825397
2017-04,SP,esporte_lazer,credit_card,4,63,60,8164.570000000001,4.063492063492063,7.698412698412699
2018-01,SP,unknown,credit_card,4,63,57,8059.680000000001,3.0952380952380953,4.714285714285714
2018-08,SP,brinquedos,credit_card,4,63,58,7529.049999999999,4.095238095238095,3.111111111111111
2018-04,MG,informatica_acessorios,credit_card,4,63,56,7205.530000000001,4.26984126984127,6.666666666666667
2018-07,SP,papelaria,credit_card,4,63,58,7149.530000000001,4.619047619047619,3.3968253968253967
2018-08,SP,beleza_saude,boleto,4,63,61,6896.209999999999,4.238095238095238,3.365079365079365
2017-07,SP,informatica_acessorios,credit_card,4,63,56,6309.710000000001,4.2063492063492065,4.222222222222222
2017-10,SP,perfumaria,credit_card,4,63,59,6202.780000000001,4.365079365079365,3.4444444444444446
2017-08,SP,ferramentas_jardim,credit_card,4,63,52,6162.17,4.396825396825397,4.317460317460317
2018-02,SP,brinquedos,credit_card,4,62,59,7109.54,3.8225806451612905,6.354838709677419
2017-10,MG,cama_mesa_banho,credit_card,4,62,51,5705.080000000002,3.693548387096774,7.661290322580645
2018-06,SP,ferramentas_jardim,credit_card,4,62,45,5099.760000000002,4.435483870967742,3.806451612903226
2017-09,SP,cool_stuff,credit_card,4,61,60,13827.78,4.377049180327869,4.639344262295082
2018-01,RJ,esporte_lazer,credit_card,4,61,56,11505.900000000001,3.7704918032786887,14.032786885245901
2017-12,RJ,brinquedos,credit_card,4,61,59,9402.39,3.6065573770491803,15.688524590163935
2017-09,MG,cama_mesa_banho,credit_card,4,61,50,8329.980000000001,4.065573770491803,6.475409836065574
2018-03,MG,informatica_acessorios,credit_card,4,61,56,7927.05,3.80327868852459,10.704918032786885
2017-10,SP,ferramentas_jardim,credit_card,4,61,50,7082.08,4.344262295081967,5.491803278688525
2018-04,SP,perfumaria,credit_card,4,61,55,6461.83,4.098360655737705,3.377049180327869
2018-05,RJ,moveis_decoracao,credit_card,4,61,43,6145.38,3.639344262295082,10.78688524590164
2018-01,MG,moveis_decoracao,credit_card,4,61,43,5935.850000000001,4.295081967213115,7.721311475409836
2017-11,MG,moveis_decoracao,credit_card,4,61,44,5379.970000000001,3.7868852459016393,8.80327868852459
2018-08,SP,alimentos,credit_card,4,61,51,4499.579999999999,4.19672131147541,2.7868852459016393
2018-03,RJ,relogios_presentes,credit_card,4,60,55,12918.11,3.1333333333333333,21.05
2018-03,SP,moveis_escritorio,credit_card,4,60,50,10772.470000000001,3.55,5.466666666666667
2017-03,SP,esporte_lazer,credit_card,4,60,51,9281.140000000003,4.516666666666667,5.466666666666667
2018-04,MG,moveis_decoracao,credit_card,4,60,43,6683.63,3.5833333333333335,7.35
2017-07,SP,ferramentas_jardim,credit_card,4,60,48,6604.900000000001,4.033333333333333,5.2
2017-02,SP,cama_mesa_banho,credit_card,4,60,50,6591.480000000001,4.066666666666666,6.35
2018-05,RJ,cama_mesa_banho,credit_card,4,60,49,6444.5,3.9,11.983333333333333
2017-11,SP,cama_mesa_banho,boleto,4,60,48,5707.01,3.7333333333333334,5.533333333333333
2017-04,SP,utilidades_domesticas,credit_card,4,60,45,5144.799999999999,4.0,7.266666666666667
2018-06,MG,relogios_presentes,credit_card,4,59,55,11555.39,4.372881355932203,5.932203389830509
2017-03,SP,beleza_saude,credit_card,4,59,54,8648.16,4.406779661016949,5.52542372881356
2018-02,MG,esporte_lazer,credit_card,4,59,52,7960.62,3.7966101694915255,10.813559322033898
2018-08,MG,cama_mesa_banho,credit_card,4,59,49,7563.210000000001,3.5084745762711864,4.627118644067797
2018-04,MG,cama_mesa_banho,credit_card,4,59,46,7148.049999999999,3.8135593220338984,9.627118644067796
2018-03,RJ,moveis_decoracao,credit_card,4,59,42,6364.84,2.9322033898305087,16.508474576271187
2018-08,RJ,cama_mesa_banho,credit_card,4,59,55,6001.760000000001,3.542372881355932,6.813559322033898
2018-02,SP,beleza_saude,boleto,4,59,54,5899.4400000000005,4.11864406779661,6.033898305084746
2018-05,SP,pet_shop,credit_card,4,59,55,5891.09,4.4576271186440675,4.8474576271186445
2017-11,SP,esporte_lazer,boleto,4,59,53,5361.560000000001,4.440677966101695,5.101694915254237
2018-01,SP,ferramentas_jardim,credit_card,4,59,48,4953.35,4.372881355932203,6.237288135593221
2017-11,SP,eletronicos,credit_card,4,59,49,4423.8,4.067796610169491,4.52542372881356
2018-02,SP,cool_stuff,credit_card,4,58,57,11254.220000000001,4.258620689655173,6.017241379310345
2018-07,RJ,relogios_presentes,credit_card,4,58,58,9267.220000000001,4.051724137931035,5.741379310344827
2018-07,SP,brinquedos,credit_card,4,58,56,7842.729999999999,4.206896551724138,3.586206896551724
2018-02,MG,cama_mesa_banho,credit_card,4,58,50,7444.63,3.6551724137931036,15.327586206896552
2017-11,SP,bebes,credit_card,4,58,56,6264.05,4.241379310344827,6.258620689655173
2018-02,SP,ferramentas_jardim,credit_card,4,58,48,5238.44,4.293103448275862,7.5344827586206895
2017-03,SP,utilidades_domesticas,credit_card,4,58,55,4165.460000000001,4.086206896551724,8.10344827586207
2017-12,SP,eletronicos,credit_card,4,58,51,3272.43,4.258620689655173,5.5344827586206895
2018-04,RJ,beleza_saude,credit_card,4,57,52,9157.77,4.12280701754386,10.421052631578947
2017-12,MG,brinquedos,credit_card,4,57,51,9063.289999999999,4.280701754385965,9.421052631578947
2018-06,RJ,utilidades_domesticas,credit_card,4,57,48,7082.889999999999,3.789473684210526,7.719298245614035
2017-08,RJ,cama_mesa_banho,credit_card,4,57,55,6903.1,4.157894736842105,10.263157894736842
2018-05,MG,relogios_presentes,credit_card,4,56,54,9888.24,3.9285714285714284,10.321428571428571
2018-01,SP,malas_acessorios,credit_card,4,56,51,8714.84,4.214285714285714,4.392857142857143
2018-07,SP,cama_mesa_banho,boleto,4,56,47,7423.84,4.196428571428571,4.053571428571429
2018-04,RJ,moveis_decoracao,credit_card,4,56,46,7374.71,3.6785714285714284,9.910714285714286
2017-08,SP,brinquedos,credit_card,4,56,51,6037.16,4.517857142857143,4.357142857142857
2018-01,SP,beleza_saude,boleto,4,56,53,4752.6,4.0,6.964285714285714
2017-05,SP,telefonia,credit_card,4,56,51,3375.16,4.035714285714286,3.8035714285714284
2017-08,SP,cama_mesa_banho,voucher,4,56,5,2732.91,4.982142857142857,3.732142857142857
2017-09,SP,bebes,credit_card,4,55,51,10039.94,3.7818181818181817,4.890909090909091
2017-11,MG,brinquedos,credit_card,4,55,46,8882.44,4.4,9.2
2017-11,SP,papelaria,credit_card,4,55,51,5895.08,4.4,6.654545454545454
2018-02,SP,cama_mesa_banho,boleto,4,55,51,5404.33,3.618181818181818,10.418181818181818
2018-01,SP,moveis_decoracao,boleto,4,55,47,5027.420000000001,4.418181818181818,4.745454545454545
2018-08,SP,esporte_lazer,boleto,4,55,49,4766.830000000001,4.418181818181818,2.8181818181818183
2018-06,SP,telefonia,credit_card,4,55,52,3397.4,4.054545454545455,3.3636363636363638
2018-04,SP,eletronicos,credit_card,4,55,53,2724.32,4.472727272727273,3.327272727272727
2018-01,MG,esporte_lazer,credit_card,4,54,52,11482.92,4.111111111111111,9.203703703703704
2018-05,MG,beleza_saude,credit_card,4,54,46,7830.130000000001,3.962962962962963,10.407407407407407
2018-01,SP,esporte_lazer,boleto,4,54,48,6952.320000000001,3.740740740740741,6.574074074074074
2017-11,RJ,informatica_acessorios,credit_card,4,54,46,6815.63,3.888888888888889,14.25925925925926
2017-09,SP,informatica_acessorios,credit_card,4,54,52,6630.09,4.185185185185185,4.111111111111111
2018-01,RJ,beleza_saude,credit_card,4,54,50,6589.86,3.8518518518518516,9.074074074074074
2017-07,RJ,esporte_lazer,credit_card,4,54,43,6476.070000000001,3.8518518518518516,8.981481481481481
2017-12,MG,esporte_lazer,credit_card,4,54,45,6315.56,3.9814814814814814,9.37037037037037
2017-05,SP,brinquedos,credit_card,4,54,53,6215.020000000001,4.2407407407407405,3.8518518518518516
2017-08,SP,automotivo,credit_card,4,54,47,5653.159999999999,4.2407407407407405,3.962962962962963
2018-03,PR,esporte_lazer,credit_card,4,54,37,5392.579999999999,3.4814814814814814,8.296296296296296
2017-11,SP,beleza_saude,boleto,4,53,43,8592.039999999999,4.056603773584905,4.547169811320755
2018-03,RJ,beleza_saude,credit_card,4,53,50,7617.800000000001,3.547169811320755,18.150943396226417
2018-04,MG,esporte_lazer,credit_card,4,53,47,7052.42,4.415094339622642,7.679245283018868
2018-02,SP,esporte_lazer,boleto,4,53,48,5893.620000000002,4.283018867924528,6.943396226415095
2017-04,SP,moveis_decoracao,credit_card,4,53,48,5746.479999999999,4.113207547169812,7.0
2018-08,SP,utilidades_domesticas,boleto,4,53,45,4729.950000000001,4.471698113207547,2.9245283018867925
2018-06,SP,eletronicos,credit_card,4,53,49,3845.3199999999997,4.452830188679245,3.0943396226415096
2018-07,SP,eletronicos,credit_card,4,53,49,3222.4199999999996,4.169811320754717,3.2830188679245285
2017-06,SP,perfumaria,credit_card,4,52,48,10204.84,4.25,7.4423076923076925
2018-08,SP,cool_stuff,credit_card,4,52,52,8550.720000000001,3.8076923076923075,3.1538461538461537
2018-08,MG,utilidades_domesticas,credit_card,4,52,51,7024.1900000000005,4.326923076923077,4.5
2017-10,RJ,moveis_decoracao,credit_card,4,52,37,6612.389999999999,3.4423076923076925,10.01923076923077
2018-04,RJ,utilidades_domesticas,credit_card,4,52,47,5336.51,3.673076923076923,12.807692307692308
2018-04,MG,utilidades_domesticas,credit_card,4,52,42,5296.99,4.576923076923077,7.653846153846154
2018-01,SP,brinquedos,credit_card,4,51,50,8804.14,4.254901960784314,5.078431372549019
2017-08,SP,informatica_acessorios,boleto,4,51,37,6179.43,4.235294117647059,4.392156862745098
2018-05,SP,papelaria,credit_card,4,51,50,5339.78,4.470588235294118,4.921568627450981
2018-03,SP,beleza_saude,boleto,4,51,45,5283.819999999999,4.0,5.196078431372549
2018-04,SP,cama_mesa_banho,boleto,4,51,47,4682.53,3.823529411764706,4.470588235294118
2018-02,RJ,eletronicos,credit_card,4,51,47,4301.83,3.6862745098039214,19.980392156862745
2017-06,SP,cool_stuff,credit_card,4,50,48,13325.970000000001,4.28,4.24
2018-04,MG,beleza_saude,credit_card,4,50,48,11060.210000000001,4.32,7.8
2018-05,SP,construcao_ferramentas_construcao,credit_card,4,50,34,10686.78,4.7,4.8
2018-05,SP,cool_stuff,credit_card,4,50,49,9533.13,4.34,4.86
2017-09,RJ,beleza_saude,credit_card,4,50,46,8203.73,4.24,8.28
2017-04,SP,beleza_saude,credit_card,4,50,47,7550.35,4.22,7.46
2017-02,SP,esporte_lazer,credit_card,4,50,44,6750.530000000001,4.04,5.56
2017-11,SP,informatica_acessorios,boleto,4,50,43,5691.770000000001,3.72,6.5
2018-03,SP,papelaria,credit_card,4,50,45,4784.86,4.32,6.68
2017-11,PR,moveis_decoracao,credit_card,4,50,22,4493.59,3.82,9.54
